Freq_Hz,N9000B_dBm
8.800000000000000000e+07,-8.930838256000001252e+01
8.801955034213098884e+07,-8.749876888800001495e+01
8.803910068426197767e+07,-9.097735245800001280e+01
8.805865102639296651e+07,-9.001188512099999173e+01
8.807820136852395535e+07,-8.830828177500002596e+01
8.809775171065492928e+07,-8.765438917999998125e+01
8.811730205278591812e+07,-8.618079701800002113e+01
8.813685239491690695e+07,-8.791838557999997761e+01
8.815640273704789579e+07,-9.070959644300002367e+01
8.817595307917888463e+07,-8.833905131500000607e+01
8.819550342130987346e+07,-8.973833642999998972e+01
8.821505376344086230e+07,-8.629241320700000983e+01
8.823460410557185113e+07,-9.026664237299999627e+01
8.825415444770283997e+07,-8.818159625300002347e+01
8.827370478983382881e+07,-8.994571741700001155e+01
8.829325513196480274e+07,-8.700985515900001133e+01
8.831280547409579158e+07,-8.928159990100002119e+01
8.833235581622678041e+07,-8.924551080399997716e+01
8.835190615835776925e+07,-8.654712615299999356e+01
8.837145650048875809e+07,-8.729578297199998360e+01
8.839100684261974692e+07,-8.933577140899998881e+01
8.841055718475073576e+07,-8.875131674699997575e+01
8.843010752688172460e+07,-8.598642080499999452e+01
8.844965786901271343e+07,-9.134801872200002038e+01
8.846920821114370227e+07,-8.992310682399997290e+01
8.848875855327467620e+07,-8.767616574399998797e+01
8.850830889540566504e+07,-9.066574449499998423e+01
8.852785923753665388e+07,-9.075141043800002194e+01
8.854740957966764271e+07,-9.050176797800001793e+01
8.856695992179863155e+07,-9.048342407199999116e+01
8.858651026392962039e+07,-9.232245348800002205e+01
8.860606060606060922e+07,-8.989939462799998182e+01
8.862561094819159806e+07,-8.572746448600000235e+01
8.864516129032258689e+07,-8.810184363199998359e+01
8.866471163245356083e+07,-8.894819567800001892e+01
8.868426197458454967e+07,-8.766466548600001829e+01
8.870381231671553850e+07,-8.773227064700000710e+01
8.872336265884652734e+07,-8.726737904600000206e+01
8.874291300097751617e+07,-8.689293757099997606e+01
8.876246334310850501e+07,-9.029550947499998870e+01
8.878201368523949385e+07,-8.766366589100002216e+01
8.880156402737048268e+07,-8.905672849800001245e+01
8.882111436950147152e+07,-8.912313491000000454e+01
8.884066471163246036e+07,-8.904718979800000511e+01
8.886021505376343429e+07,-8.830851194100003454e+01
8.887976539589442313e+07,-8.718624429399999087e+01
8.889931573802541196e+07,-9.068571221400000582e+01
8.891886608015640080e+07,-8.818760246399997982e+01
8.893841642228738964e+07,-8.919123973199997124e+01
8.895796676441837847e+07,-9.056297816700001135e+01
8.897751710654936731e+07,-8.845496066499997312e+01
8.899706744868035614e+07,-9.076594097199999567e+01
8.901661779081134498e+07,-8.826396699599999351e+01
8.903616813294233382e+07,-8.675048673499998131e+01
8.905571847507330775e+07,-8.868039629199998330e+01
8.907526881720429659e+07,-8.984351264000001436e+01
8.909481915933528543e+07,-8.847089042499999323e+01
8.911436950146627426e+07,-9.017506169099999624e+01
8.913391984359726310e+07,-8.916673184699999410e+01
8.915347018572825193e+07,-8.863086629800001504e+01
8.917302052785924077e+07,-8.947123544499997649e+01
8.919257086999022961e+07,-8.793976936599999306e+01
8.921212121212121844e+07,-8.822215465799999379e+01
8.923167155425219238e+07,-8.801319959700001050e+01
8.925122189638318121e+07,-8.955965973100001065e+01
8.927077223851417005e+07,-9.079640199799999323e+01
8.929032258064515889e+07,-8.785878373100001681e+01
8.930987292277614772e+07,-9.119674122800002181e+01
8.932942326490713656e+07,-8.757472311700001910e+01
8.934897360703812540e+07,-8.982037404099999378e+01
8.936852394916911423e+07,-8.918512223199999767e+01
8.938807429130010307e+07,-8.921859234399998684e+01
8.940762463343109190e+07,-8.859875904299998695e+01
8.942717497556206584e+07,-8.670928972499999077e+01
8.944672531769305468e+07,-9.160794187899999486e+01
8.946627565982404351e+07,-8.717491165800001340e+01
8.948582600195503235e+07,-8.922551849300000981e+01
8.950537634408602118e+07,-8.861509399400000575e+01
8.952492668621701002e+07,-8.837520410399997672e+01
8.954447702834799886e+07,-9.091693794899998693e+01
8.956402737047898769e+07,-8.834654776900001139e+01
8.958357771260997653e+07,-8.940098474399998452e+01
8.960312805474096537e+07,-9.252173642499998607e+01
8.962267839687193930e+07,-8.957744871000002718e+01
8.964222873900292814e+07,-8.867138461299997232e+01
8.966177908113391697e+07,-8.990270757300001492e+01
8.968132942326490581e+07,-8.639628252400001429e+01
8.970087976539589465e+07,-8.966350142600001050e+01
8.972043010752688348e+07,-9.005588689099997168e+01
8.973998044965787232e+07,-8.928392143600001418e+01
8.975953079178886116e+07,-8.809612987299998110e+01
8.977908113391984999e+07,-8.682942429199998458e+01
8.979863147605082393e+07,-8.941323275999998543e+01
8.981818181818181276e+07,-8.805932466599998065e+01
8.983773216031280160e+07,-8.918243775499998094e+01
8.985728250244379044e+07,-8.863213994800001672e+01
8.987683284457477927e+07,-8.898048384900000940e+01
8.989638318670576811e+07,-8.779388553599997636e+01
8.991593352883675694e+07,-9.097033832899998629e+01
8.993548387096774578e+07,-8.983468557900000917e+01
8.995503421309873462e+07,-8.750321726199999262e+01
8.997458455522972345e+07,-8.772660266800002660e+01
8.999413489736069739e+07,-8.598284532100002764e+01
9.001368523949168622e+07,-8.835896118699999136e+01
9.003323558162267506e+07,-8.632413804300001914e+01
9.005278592375366390e+07,-8.908273741999998663e+01
9.007233626588465273e+07,-8.934349661200000980e+01
9.009188660801564157e+07,-8.826655381999999861e+01
9.011143695014663041e+07,-9.081712828800002058e+01
9.013098729227761924e+07,-8.903891319700001361e+01
9.015053763440860808e+07,-8.833998448899998834e+01
9.017008797653958201e+07,-8.899570889600001067e+01
9.018963831867057085e+07,-9.037753411999997866e+01
9.020918866080155969e+07,-8.787302742499997521e+01
9.022873900293254852e+07,-8.929790835899999024e+01
9.024828934506353736e+07,-8.650133290500001237e+01
9.026783968719452620e+07,-8.910450638800000434e+01
9.028739002932551503e+07,-8.977939867500001014e+01
9.030694037145650387e+07,-8.975381293099999880e+01
9.032649071358749270e+07,-8.932922756600000014e+01
9.034604105571848154e+07,-8.738881732599998031e+01
9.036559139784945548e+07,-8.780037976599999183e+01
9.038514173998044431e+07,-8.987462752599998339e+01
9.040469208211143315e+07,-8.887142146799997988e+01
9.042424242424242198e+07,-8.797877381200001423e+01
9.044379276637341082e+07,-9.000418818000001409e+01
9.046334310850439966e+07,-9.008854727199999957e+01
9.048289345063538849e+07,-8.961217352700002436e+01
9.050244379276637733e+07,-9.015119203999998376e+01
9.052199413489736617e+07,-8.791785131199998204e+01
9.054154447702835500e+07,-8.659116720399997291e+01
9.056109481915932894e+07,-8.802423629900002311e+01
9.058064516129031777e+07,-8.956848383599999863e+01
9.060019550342130661e+07,-8.884591815099997802e+01
9.061974584555229545e+07,-9.039570048899997801e+01
9.063929618768328428e+07,-8.943398600700000145e+01
9.065884652981427312e+07,-8.891829893599999934e+01
9.067839687194526196e+07,-8.844790254400000151e+01
9.069794721407625079e+07,-8.752404212100002212e+01
9.071749755620723963e+07,-8.875403813900001637e+01
9.073704789833822846e+07,-8.710840825700000778e+01
9.075659824046920240e+07,-8.674083582000000092e+01
9.077614858260019124e+07,-8.897905314700000190e+01
9.079569892473118007e+07,-8.814236270299998921e+01
9.081524926686216891e+07,-9.262858716500001321e+01
9.083479960899315774e+07,-8.963536822299998619e+01
9.085434995112414658e+07,-8.815249768199998925e+01
9.087390029325513542e+07,-8.987590093799997248e+01
9.089345063538612425e+07,-8.837057924699998068e+01
9.091300097751711309e+07,-8.880885741200002315e+01
9.093255131964808702e+07,-8.989415848800001640e+01
9.095210166177907586e+07,-8.773150711899999976e+01
9.097165200391006470e+07,-8.712978547900000592e+01
9.099120234604105353e+07,-8.885040073800000471e+01
9.101075268817204237e+07,-8.793507108000001438e+01
9.103030303030303121e+07,-9.014446530700001858e+01
9.104985337243402004e+07,-8.714377953199998217e+01
9.106940371456500888e+07,-8.838114658000002066e+01
9.108895405669599771e+07,-8.762389197199999558e+01
9.110850439882698655e+07,-8.760912425200001508e+01
9.112805474095796049e+07,-8.929558109300002400e+01
9.114760508308894932e+07,-8.843447321499999703e+01
9.116715542521993816e+07,-8.807811846699998171e+01
9.118670576735092700e+07,-9.012212681700000871e+01
9.120625610948191583e+07,-8.511927404399999375e+01
9.122580645161290467e+07,-8.774348324699998614e+01
9.124535679374389350e+07,-8.876562795200001688e+01
9.126490713587488234e+07,-8.777395711900001629e+01
9.128445747800587118e+07,-8.937157891400002541e+01
9.130400782013684511e+07,-8.763976435799999365e+01
9.132355816226783395e+07,-8.900203214100001503e+01
9.134310850439882278e+07,-8.802529539799998304e+01
9.136265884652981162e+07,-9.014832356400002311e+01
9.138220918866080046e+07,-8.876083815699998070e+01
9.140175953079178929e+07,-9.165002427400000329e+01
9.142130987292277813e+07,-8.747924547899997094e+01
9.144086021505376697e+07,-8.814402666199998748e+01
9.146041055718475580e+07,-9.033643818500001998e+01
9.147996089931574464e+07,-9.036831804100000909e+01
9.149951124144671857e+07,-8.615230588700001135e+01
9.151906158357770741e+07,-8.884399586800000748e+01
9.153861192570869625e+07,-8.910457225300001483e+01
9.155816226783968508e+07,-8.787799152400000935e+01
9.157771260997067392e+07,-8.734875851199997498e+01
9.159726295210166276e+07,-9.011588565400001016e+01
9.161681329423265159e+07,-8.714631094000000644e+01
9.163636363636364043e+07,-8.874191742100001079e+01
9.165591397849462926e+07,-8.998347532500001478e+01
9.167546432062561810e+07,-8.894470460799998079e+01
9.169501466275659204e+07,-9.053712706099999252e+01
9.171456500488758087e+07,-9.125686022899996885e+01
9.173411534701856971e+07,-8.943723946700001193e+01
9.175366568914955854e+07,-8.698784249800002044e+01
9.177321603128054738e+07,-8.990414650900000026e+01
9.179276637341153622e+07,-8.935611734399999762e+01
9.181231671554252505e+07,-8.582090505999997276e+01
9.183186705767351389e+07,-8.786641739499998494e+01
9.185141739980450273e+07,-8.886240918500001840e+01
9.187096774193549156e+07,-8.820911341200002198e+01
9.189051808406646550e+07,-8.719873482800002762e+01
9.191006842619745433e+07,-8.647881605500001001e+01
9.192961876832844317e+07,-8.839600355499999296e+01
9.194916911045943201e+07,-8.698983139700001743e+01
9.196871945259042084e+07,-8.862212384700002588e+01
9.198826979472140968e+07,-8.818087152099998605e+01
9.200782013685239851e+07,-8.616070314999998914e+01
9.202737047898338735e+07,-8.849941963000000555e+01
9.204692082111437619e+07,-8.871704740500001662e+01
9.206647116324535012e+07,-8.956924024700001041e+01
9.208602150537633896e+07,-8.877014117199999532e+01
9.210557184750732780e+07,-8.923555542400001173e+01
9.212512218963831663e+07,-8.730353734800002030e+01
9.214467253176930547e+07,-8.964213249799999517e+01
9.216422287390029430e+07,-8.801765648299999611e+01
9.218377321603128314e+07,-8.879831357500000877e+01
9.220332355816227198e+07,-8.935644033999999181e+01
9.222287390029326081e+07,-8.774907712000000970e+01
9.224242424242424965e+07,-8.808505716800002006e+01
9.226197458455522358e+07,-8.952836208500001192e+01
9.228152492668621242e+07,-8.823995604099999923e+01
9.230107526881720126e+07,-8.914585448800002609e+01
9.232062561094819009e+07,-8.868690021599998374e+01
9.234017595307917893e+07,-8.592158491500001105e+01
9.235972629521016777e+07,-8.946946126200001004e+01
9.237927663734115660e+07,-8.734549424599997280e+01
9.239882697947214544e+07,-8.780647823699997900e+01
9.241837732160313427e+07,-8.914373283400000503e+01
9.243792766373410821e+07,-8.806017124599998169e+01
9.245747800586509705e+07,-8.967468589399997825e+01
9.247702834799608588e+07,-8.728673595100002558e+01
9.249657869012707472e+07,-8.916506221600002391e+01
9.251612903225806355e+07,-8.913877484899998649e+01
9.253567937438905239e+07,-9.046280925599998568e+01
9.255522971652004123e+07,-9.034253189799999006e+01
9.257478005865103006e+07,-8.845341779000001736e+01
9.259433040078201890e+07,-8.896178287500001147e+01
9.261388074291300774e+07,-9.092935624899999425e+01
9.263343108504398167e+07,-8.873608460899997397e+01
9.265298142717497051e+07,-8.869822162499997376e+01
9.267253176930595934e+07,-8.984079536100001917e+01
9.269208211143694818e+07,-8.981881594800002233e+01
9.271163245356793702e+07,-8.764056285100001276e+01
9.273118279569892585e+07,-8.893152451199998154e+01
9.275073313782991469e+07,-8.853673768299998414e+01
9.277028347996090353e+07,-8.917758028699999784e+01
9.278983382209189236e+07,-8.846263623999998060e+01
9.280938416422288120e+07,-9.009013879599997665e+01
9.282893450635385513e+07,-8.974655743600001756e+01
9.284848484848484397e+07,-8.749065801900000849e+01
9.286803519061583281e+07,-8.946494587999998771e+01
9.288758553274682164e+07,-8.889989763300000902e+01
9.290713587487781048e+07,-9.187593106899997508e+01
9.292668621700879931e+07,-8.694317411299996934e+01
9.294623655913978815e+07,-9.057934317500000532e+01
9.296578690127077699e+07,-8.788940751799999873e+01
9.298533724340176582e+07,-8.843165751700000499e+01
9.300488758553275466e+07,-8.753973962500000994e+01
9.302443792766372859e+07,-8.898477308600000413e+01
9.304398826979471743e+07,-8.818468625699998142e+01
9.306353861192570627e+07,-8.943484847400000604e+01
9.308308895405669510e+07,-8.801479782999999202e+01
9.310263929618768394e+07,-8.684004289799999299e+01
9.312218963831867278e+07,-8.922018575999997836e+01
9.314173998044966161e+07,-8.660113442699997677e+01
9.316129032258065045e+07,-8.853164931700000295e+01
9.318084066471163929e+07,-8.778641298000000859e+01
9.320039100684261322e+07,-8.956323114399999952e+01
9.321994134897360206e+07,-8.777720473500001219e+01
9.323949169110459089e+07,-8.732714051100001029e+01
9.325904203323557973e+07,-8.980016722200001311e+01
9.327859237536656857e+07,-8.853317457599999329e+01
9.329814271749755740e+07,-8.893600499800001558e+01
9.331769305962854624e+07,-8.736346277699996676e+01
9.333724340175953507e+07,-8.927227087899998992e+01
9.335679374389052391e+07,-9.071027729599998679e+01
9.337634408602151275e+07,-9.075956429999999386e+01
9.339589442815248668e+07,-8.966430285599999195e+01
9.341544477028347552e+07,-9.144806841200001202e+01
9.343499511241446435e+07,-8.985557754399998487e+01
9.345454545454545319e+07,-8.875906691999998088e+01
9.347409579667644203e+07,-9.020294077399998400e+01
9.349364613880743086e+07,-8.664167137600000501e+01
9.351319648093841970e+07,-8.899558964999999944e+01
9.353274682306940854e+07,-8.664141866600002118e+01
9.355229716520039737e+07,-8.826739144799998371e+01
9.357184750733137131e+07,-8.930035342799997977e+01
9.359139784946236014e+07,-9.070992038400001434e+01
9.361094819159334898e+07,-8.811223372800000675e+01
9.363049853372433782e+07,-8.806623021599999390e+01
9.365004887585532665e+07,-8.859768780199999583e+01
9.366959921798631549e+07,-8.844440966200001242e+01
9.368914956011730433e+07,-9.107162494199999969e+01
9.370869990224829316e+07,-8.736529548200000761e+01
9.372825024437928200e+07,-8.958129753800001538e+01
9.374780058651027083e+07,-8.766097009799999284e+01
9.376735092864124477e+07,-9.220558214000000419e+01
9.378690127077223361e+07,-8.911848807000001216e+01
9.380645161290322244e+07,-8.710754431400000897e+01
9.382600195503421128e+07,-8.919528862800001434e+01
9.384555229716520011e+07,-9.084375923800000407e+01
9.386510263929618895e+07,-8.951904693800000246e+01
9.388465298142717779e+07,-8.867706252000000688e+01
9.390420332355816662e+07,-8.758714533999997798e+01
9.392375366568915546e+07,-8.614964923800000918e+01
9.394330400782012939e+07,-8.899904111000002160e+01
9.396285434995111823e+07,-8.873633443999997894e+01
9.398240469208210707e+07,-8.841872044999999503e+01
9.400195503421309590e+07,-9.113912151200000267e+01
9.402150537634408474e+07,-9.052216846199999623e+01
9.404105571847507358e+07,-8.761188847400002544e+01
9.406060606060606241e+07,-8.941906959599997151e+01
9.408015640273705125e+07,-8.954994790999998600e+01
9.409970674486804008e+07,-8.742868552199999499e+01
9.411925708699902892e+07,-8.839000462200000641e+01
9.413880742913001776e+07,-8.835979619600000490e+01
9.415835777126099169e+07,-8.811353514000001041e+01
9.417790811339198053e+07,-8.927558877400001336e+01
9.419745845552296937e+07,-8.905243845799999747e+01
9.421700879765395820e+07,-9.039177214399998661e+01
9.423655913978494704e+07,-8.795719284400000504e+01
9.425610948191593587e+07,-8.852183271600000580e+01
9.427565982404692471e+07,-8.776826270399998009e+01
9.429521016617791355e+07,-8.931923646399998518e+01
9.431476050830890238e+07,-8.788219237200001999e+01
9.433431085043987632e+07,-8.777763739799999598e+01
9.435386119257086515e+07,-8.794284159400000078e+01
9.437341153470185399e+07,-8.881683420000001661e+01
9.439296187683284283e+07,-8.889267338999999879e+01
9.441251221896383166e+07,-8.861461290400001189e+01
9.443206256109482050e+07,-8.888227505200001133e+01
9.445161290322580934e+07,-8.894271098000001530e+01
9.447116324535679817e+07,-8.804047707599998773e+01
9.449071358748778701e+07,-8.895957439200000749e+01
9.451026392961877584e+07,-8.916785092000000645e+01
9.452981427174974978e+07,-8.603368773199998998e+01
9.454936461388073862e+07,-8.915997387600000934e+01
9.456891495601172745e+07,-8.730437926000001880e+01
9.458846529814271629e+07,-8.834613957600001299e+01
9.460801564027370512e+07,-8.936869353200002308e+01
9.462756598240469396e+07,-8.934181327799998940e+01
9.464711632453568280e+07,-8.881766247600002373e+01
9.466666666666667163e+07,-8.760578153999998108e+01
9.468621700879766047e+07,-8.804773289200001329e+01
9.470576735092863441e+07,-8.825812583799998379e+01
9.472531769305962324e+07,-8.797397190200000239e+01
9.474486803519061208e+07,-8.754328484199999139e+01
9.476441837732160091e+07,-8.872095842200000959e+01
9.478396871945258975e+07,-8.894868159000000674e+01
9.480351906158357859e+07,-8.909008642200001304e+01
9.482306940371456742e+07,-8.920042387600000211e+01
9.484261974584555626e+07,-8.617582067799999379e+01
9.486217008797654510e+07,-8.877695864599998288e+01
9.488172043010753393e+07,-8.906708586799999239e+01
9.490127077223850787e+07,-8.754247135399999991e+01
9.492082111436949670e+07,-8.967418407799998192e+01
9.494037145650048554e+07,-9.024983013199999959e+01
9.495992179863147438e+07,-8.818899420199997508e+01
9.497947214076246321e+07,-8.783822975399998256e+01
9.499902248289345205e+07,-8.910035969599998396e+01
9.501857282502444088e+07,-8.798968266600000732e+01
9.503812316715542972e+07,-9.012622843999997713e+01
9.505767350928641856e+07,-9.148156521999997892e+01
9.507722385141739249e+07,-8.741881719999999234e+01
9.509677419354838133e+07,-8.946850206199999889e+01
9.511632453567937016e+07,-8.953731253199998719e+01
9.513587487781035900e+07,-8.918747822800000336e+01
9.515542521994134784e+07,-9.023136828199999115e+01
9.517497556207233667e+07,-8.743443803200001696e+01
9.519452590420332551e+07,-8.694198565799999301e+01
9.521407624633431435e+07,-8.875527315999998734e+01
9.523362658846530318e+07,-8.912260558600000593e+01
9.525317693059629202e+07,-8.905259708799999885e+01
9.527272727272728086e+07,-8.933943620000000863e+01
9.529227761485825479e+07,-8.858111228399999959e+01
9.531182795698924363e+07,-8.905005762400000435e+01
9.533137829912023246e+07,-8.680752793800000688e+01
9.535092864125122130e+07,-8.828144315199998005e+01
9.537047898338221014e+07,-8.644647055799998725e+01
9.539002932551319897e+07,-8.900680327399997793e+01
9.540957966764418781e+07,-9.036141491999998721e+01
9.542913000977517664e+07,-8.925876187400001527e+01
9.544868035190616548e+07,-8.824883341400000347e+01
9.546823069403713942e+07,-8.796311760200001117e+01
9.548778103616812825e+07,-8.612137928800001418e+01
9.550733137829911709e+07,-8.899918055000000550e+01
9.552688172043010592e+07,-8.714025392199998521e+01
9.554643206256109476e+07,-8.730678606400002195e+01
9.556598240469208360e+07,-8.966857530400001508e+01
9.558553274682307243e+07,-8.758148463000000561e+01
9.560508308895406127e+07,-9.106412146400001006e+01
9.562463343108505011e+07,-8.972262819999998840e+01
9.564418377321603894e+07,-8.893574625600000161e+01
9.566373411534701288e+07,-8.951108182000001534e+01
9.568328445747800171e+07,-8.732625501199997586e+01
9.570283479960899055e+07,-8.908360475399999245e+01
9.572238514173997939e+07,-8.838068542799997829e+01
9.574193548387096822e+07,-9.161019190599999718e+01
9.576148582600195706e+07,-8.695778694800000608e+01
9.578103616813294590e+07,-8.867931266800000856e+01
9.580058651026393473e+07,-8.849196399200000940e+01
9.582013685239492357e+07,-8.746479855200001907e+01
9.583968719452589750e+07,-8.908202370999998720e+01
9.585923753665688634e+07,-8.943330790799998908e+01
9.587878787878787518e+07,-8.962295024200000171e+01
9.589833822091886401e+07,-8.995645240800000408e+01
9.591788856304985285e+07,-9.043398688199998503e+01
9.593743890518084168e+07,-8.879651562799999454e+01
9.595698924731183052e+07,-9.031037112999999295e+01
9.597653958944281936e+07,-8.934429672399997457e+01
9.599608993157380819e+07,-8.798502575399997738e+01
9.601564027370479703e+07,-9.073851731999999970e+01
9.603519061583577096e+07,-8.742051201200000321e+01
9.605474095796675980e+07,-8.861118505000000312e+01
9.607429130009774864e+07,-9.093622388600000761e+01
9.609384164222873747e+07,-8.819044712000000175e+01
9.611339198435972631e+07,-8.970423702399997978e+01
9.613294232649071515e+07,-8.768949759199999505e+01
9.615249266862170398e+07,-8.774590467999999532e+01
9.617204301075269282e+07,-8.851311848600002463e+01
9.619159335288368165e+07,-8.572864405200002125e+01
9.621114369501465559e+07,-8.974090918399997463e+01
9.623069403714564443e+07,-8.759309170200000949e+01
9.625024437927663326e+07,-9.013140028799998049e+01
9.626979472140762210e+07,-8.947953431999999907e+01
9.628934506353861094e+07,-8.911007002200000215e+01
9.630889540566959977e+07,-8.878799449199999572e+01
9.632844574780058861e+07,-8.952658912200001851e+01
9.634799608993157744e+07,-8.884575764400000253e+01
9.636754643206256628e+07,-9.020295096200000273e+01
9.638709677419355512e+07,-8.826638341400001764e+01
9.640664711632454395e+07,-8.984164053800000715e+01
9.642619745845551789e+07,-9.016157038800000123e+01
9.644574780058650672e+07,-8.822483849199998929e+01
9.646529814271749556e+07,-8.979068249600001650e+01
9.648484848484848440e+07,-8.939617496400002494e+01
9.650439882697947323e+07,-8.875485794400000827e+01
9.652394916911046207e+07,-8.929213751199999649e+01
9.654349951124145091e+07,-8.609209603999998706e+01
9.656304985337243974e+07,-8.985116079399999478e+01
9.658260019550341368e+07,-8.904672310399999446e+01
9.660215053763440251e+07,-8.771712782400001629e+01
9.662170087976539135e+07,-8.818221019200001365e+01
9.664125122189638019e+07,-9.113639124599998809e+01
9.666080156402736902e+07,-8.911387869000000705e+01
9.668035190615835786e+07,-8.854535070400001473e+01
9.669990224828934669e+07,-8.767414728199999274e+01
9.671945259042033553e+07,-8.715406475199999647e+01
9.673900293255132437e+07,-9.128147932199999559e+01
9.675855327468231320e+07,-9.006571043399999610e+01
9.677810361681330204e+07,-9.221558532800000307e+01
9.679765395894427598e+07,-8.902067013600000678e+01
9.681720430107526481e+07,-8.933880696799998589e+01
9.683675464320625365e+07,-8.828559968400000457e+01
9.685630498533724248e+07,-8.933360764000001097e+01
9.687585532746823132e+07,-8.823365359600001057e+01
9.689540566959922016e+07,-8.849064316199999780e+01
9.691495601173020899e+07,-8.803961222200000236e+01
9.693450635386119783e+07,-8.941147662599999535e+01
9.695405669599218667e+07,-8.842612637000000575e+01
9.697360703812316060e+07,-8.904678286999998704e+01
9.699315738025414944e+07,-8.842759320400000433e+01
9.701270772238513827e+07,-8.969321018200000140e+01
9.703225806451612711e+07,-9.018091293599998437e+01
9.705180840664711595e+07,-8.703745791800000120e+01
9.707135874877810478e+07,-8.785379318799999737e+01
9.709090909090909362e+07,-8.910754707399999575e+01
9.711045943304008245e+07,-9.110689751599998942e+01
9.713000977517107129e+07,-8.930384015000001341e+01
9.714956011730206013e+07,-8.908577203000001532e+01
9.716911045943304896e+07,-8.938838539600000388e+01
9.718866080156402290e+07,-8.811342287399999407e+01
9.720821114369501173e+07,-8.934325597999999502e+01
9.722776148582600057e+07,-8.792989433799999688e+01
9.724731182795698941e+07,-9.153716520800000467e+01
9.726686217008797824e+07,-8.951932121999998060e+01
9.728641251221896708e+07,-8.821390934000001494e+01
9.730596285434995592e+07,-8.824838461599998141e+01
9.732551319648094475e+07,-8.702470016800000963e+01
9.734506353861191869e+07,-8.831130966799999271e+01
9.736461388074290752e+07,-8.930475514399998360e+01
9.738416422287389636e+07,-8.910631300000001431e+01
9.740371456500488520e+07,-9.026697303600001021e+01
9.742326490713587403e+07,-9.090765699800000732e+01
9.744281524926686287e+07,-8.771221837199998106e+01
9.746236559139785171e+07,-8.876012416599998289e+01
9.748191593352884054e+07,-9.066505189399998699e+01
9.750146627565982938e+07,-8.792778903200002105e+01
9.752101661779081821e+07,-8.895537874000000045e+01
9.754056695992180705e+07,-8.898310422599999470e+01
9.756011730205278099e+07,-8.929279792600001997e+01
9.757966764418376982e+07,-9.006709817200000145e+01
9.759921798631475866e+07,-8.872076171800000566e+01
9.761876832844574749e+07,-8.907476798600001189e+01
9.763831867057673633e+07,-9.126064692199997808e+01
9.765786901270772517e+07,-8.558990812800001891e+01
9.767741935483871400e+07,-8.901788050400001850e+01
9.769696969696970284e+07,-8.785257484000001682e+01
9.771652003910067677e+07,-8.978668199400001981e+01
9.773607038123166561e+07,-8.852204711799998904e+01
9.775562072336265445e+07,-8.718011689000000786e+01
9.777517106549364328e+07,-9.038662834600000906e+01
9.779472140762463212e+07,-8.880771468600002549e+01
9.781427174975562096e+07,-8.755989751999999271e+01
9.783382209188660979e+07,-8.721410556200001452e+01
9.785337243401759863e+07,-8.855162501200000236e+01
9.787292277614858747e+07,-8.912795674000001611e+01
9.789247311827957630e+07,-8.773930760299998610e+01
9.791202346041056514e+07,-8.898713493500000027e+01
9.793157380254153907e+07,-8.815004458100001727e+01
9.795112414467252791e+07,-8.704427112600001237e+01
9.797067448680351675e+07,-8.910486221000000739e+01
9.799022482893450558e+07,-8.961705452400001093e+01
9.800977517106549442e+07,-9.059010384500001578e+01
9.802932551319648325e+07,-8.837563082500000178e+01
9.804887585532747209e+07,-8.914745645500001103e+01
9.806842619745846093e+07,-8.806167647099998419e+01
9.808797653958944976e+07,-8.868584090100002015e+01
9.810752688172042370e+07,-8.931018708500000969e+01
9.812707722385141253e+07,-8.847850953799999729e+01
9.814662756598240137e+07,-8.920268710700000270e+01
9.816617790811339021e+07,-8.778322078799999417e+01
9.818572825024437904e+07,-8.983462144499999624e+01
9.820527859237536788e+07,-8.877795977799999605e+01
9.822482893450635672e+07,-9.130589861799998630e+01
9.824437927663734555e+07,-8.979386475399999767e+01
9.826392961876833439e+07,-8.650963602299999877e+01
9.828347996089932323e+07,-8.842416710199999841e+01
9.830303030303031206e+07,-8.825670239300001185e+01
9.832258064516128600e+07,-8.929539455700000872e+01
9.834213098729227483e+07,-8.616760075799997765e+01
9.836168132942326367e+07,-8.831824203500002568e+01
9.838123167155425251e+07,-8.915811747799997988e+01
9.840078201368524134e+07,-8.736029489000000581e+01
9.842033235581623018e+07,-8.990538088399998173e+01
9.843988269794721901e+07,-8.912809921800001689e+01
9.845943304007820785e+07,-9.047424596900000893e+01
9.847898338220918179e+07,-8.787735958399997571e+01
9.849853372434017062e+07,-9.009430871100001070e+01
9.851808406647115946e+07,-8.756165558399999327e+01
9.853763440860214829e+07,-8.972041656299998635e+01
9.855718475073313713e+07,-8.973005188600002668e+01
9.857673509286412597e+07,-8.898750431899999569e+01
9.859628543499511480e+07,-8.970418075599998531e+01
9.861583577712610364e+07,-8.748055769400001225e+01
9.863538611925709248e+07,-8.877339719399999751e+01
9.865493646138808131e+07,-8.780523581299999591e+01
9.867448680351907015e+07,-8.846691484000001537e+01
9.869403714565004408e+07,-8.815498619099999189e+01
9.871358748778103292e+07,-8.908516629700002909e+01
9.873313782991202176e+07,-9.005550889799999936e+01
9.875268817204301059e+07,-8.895410054200000616e+01
9.877223851417399943e+07,-8.865083506700000271e+01
9.879178885630498827e+07,-8.940491173200000219e+01
9.881133919843597710e+07,-8.900210743999998897e+01
9.883088954056696594e+07,-9.105845955600000252e+01
9.885043988269793987e+07,-8.856660320299998546e+01
9.886999022482892871e+07,-8.785318789900000525e+01
9.888954056695991755e+07,-8.832012669999998877e+01
9.890909090909090638e+07,-9.024752366799998526e+01
9.892864125122189522e+07,-8.767951072099999976e+01
9.894819159335288405e+07,-8.917553585999999655e+01
9.896774193548387289e+07,-9.013691758300001311e+01
9.898729227761486173e+07,-9.091887828399998739e+01
9.900684261974585056e+07,-8.856484707099998843e+01
9.902639296187683940e+07,-8.694906304200000591e+01
9.904594330400782824e+07,-8.754963877900001989e+01
9.906549364613880217e+07,-8.528595324900000207e+01
9.908504398826979101e+07,-8.996863054000000659e+01
9.910459433040077984e+07,-8.900993152300000588e+01
9.912414467253176868e+07,-8.876950429500001860e+01
9.914369501466275752e+07,-8.891912327100001789e+01
9.916324535679374635e+07,-8.690806951300000094e+01
9.918279569892473519e+07,-8.927738493300002176e+01
9.920234604105572402e+07,-8.998181769299998223e+01
9.922189638318671286e+07,-8.956001608299999361e+01
9.924144672531768680e+07,-8.708068879799999706e+01
9.926099706744867563e+07,-8.812010967799999150e+01
9.928054740957966447e+07,-8.695640387000000260e+01
9.930009775171065331e+07,-8.856998849799998652e+01
9.931964809384164214e+07,-8.964978255599997681e+01
9.933919843597263098e+07,-9.004393440699998052e+01
9.935874877810361981e+07,-8.661850660799998991e+01
9.937829912023460865e+07,-8.886256035600000303e+01
9.939784946236559749e+07,-8.920082358799999156e+01
9.941739980449658632e+07,-8.946688524200000359e+01
9.943695014662757516e+07,-8.856386320900000442e+01
9.945650048875854909e+07,-8.786103215500000374e+01
9.947605083088953793e+07,-8.896612380599999881e+01
9.949560117302052677e+07,-8.909575189700001374e+01
9.951515151515151560e+07,-8.759233320000001299e+01
9.953470185728250444e+07,-8.751645300699998131e+01
9.955425219941349328e+07,-8.727749909100000991e+01
9.957380254154448211e+07,-9.111221464299998729e+01
9.959335288367547095e+07,-8.775421891200002733e+01
9.961290322580644488e+07,-8.980151755399998592e+01
9.963245356793743372e+07,-8.985587062099999400e+01
9.965200391006842256e+07,-8.873483956299999420e+01
9.967155425219941139e+07,-9.105457718899999975e+01
9.969110459433040023e+07,-8.774547759000000724e+01
9.971065493646138906e+07,-8.842128673700001684e+01
9.973020527859237790e+07,-8.945379542499999559e+01
9.974975562072336674e+07,-8.967420366600001103e+01
9.976930596285435557e+07,-8.810314023500001213e+01
9.978885630498534441e+07,-8.664686772100000667e+01
9.980840664711633325e+07,-8.986209776400002625e+01
9.982795698924730718e+07,-8.950469403299999271e+01
9.984750733137829602e+07,-8.691902184499998896e+01
9.986705767350928485e+07,-8.904392102900000339e+01
9.988660801564027369e+07,-8.732399089199999764e+01
9.990615835777126253e+07,-8.974563531800001215e+01
9.992570869990225136e+07,-8.760813268900000139e+01
9.994525904203324020e+07,-8.867920255899998949e+01
9.996480938416422904e+07,-9.029866298599999652e+01
9.998435972629520297e+07,-9.308794899800000167e+01
1.000039100684261918e+08,-8.663167307000000505e+01
1.000234604105571806e+08,-9.023846075099999098e+01
1.000430107526881695e+08,-8.834997968100000776e+01
1.000625610948191583e+08,-8.810915153700000246e+01
1.000821114369501472e+08,-8.872770757000000685e+01
1.001016617790811360e+08,-8.899976083199999266e+01
1.001212121212121248e+08,-8.822689262900000529e+01
1.001407624633431137e+08,-8.962378337900000247e+01
1.001603128054741025e+08,-9.270269139100001610e+01
1.001798631476050913e+08,-9.063489553500002671e+01
1.001994134897360653e+08,-8.950458046899998976e+01
1.002189638318670541e+08,-8.750406516099999976e+01
1.002385141739980429e+08,-8.795070067300000005e+01
1.002580645161290318e+08,-8.861166830099999459e+01
1.002776148582600206e+08,-8.828101120200001617e+01
1.002971652003910094e+08,-8.726957048400001327e+01
1.003167155425219983e+08,-8.794003303600000265e+01
1.003362658846529871e+08,-8.935060652700001071e+01
1.003558162267839760e+08,-8.674131090000000199e+01
1.003753665689149499e+08,-9.099545822999999700e+01
1.003949169110459387e+08,-8.730477730600000541e+01
1.004144672531769276e+08,-8.871859012400001632e+01
1.004340175953079164e+08,-8.962259695899999201e+01
1.004535679374389052e+08,-8.798376039200000776e+01
1.004731182795698941e+08,-8.746539780399999131e+01
1.004926686217008829e+08,-8.910112348800001314e+01
1.005122189638318717e+08,-9.082094373899998629e+01
1.005317693059628606e+08,-8.886404967200000726e+01
1.005513196480938494e+08,-9.001471969300000353e+01
1.005708699902248383e+08,-8.756293128699999784e+01
1.005904203323558122e+08,-8.802784291799997618e+01
1.006099706744868010e+08,-8.878737527100001614e+01
1.006295210166177899e+08,-8.748836088600000949e+01
1.006490713587487787e+08,-8.995452068599999507e+01
1.006686217008797675e+08,-8.907417872099999556e+01
1.006881720430107564e+08,-8.833434990800000719e+01
1.007077223851417452e+08,-9.060502595800001302e+01
1.007272727272727340e+08,-8.797355615600000078e+01
1.007468230694037080e+08,-8.856402204900001607e+01
1.007663734115346968e+08,-8.829042317000001105e+01
1.007859237536656857e+08,-8.741148824600000466e+01
1.008054740957966745e+08,-8.859508912900001576e+01
1.008250244379276633e+08,-9.119332508200001541e+01
1.008445747800586522e+08,-8.776814640899999631e+01
1.008641251221896410e+08,-8.845583694699999455e+01
1.008836754643206298e+08,-8.793906263399998124e+01
1.009032258064516187e+08,-8.924806110400000136e+01
1.009227761485826075e+08,-8.757506230099998845e+01
1.009423264907135963e+08,-8.858444733600001086e+01
1.009618768328445703e+08,-8.826715315099998804e+01
1.009814271749755591e+08,-8.930621375299999443e+01
1.010009775171065480e+08,-8.899730593399999634e+01
1.010205278592375368e+08,-8.851271841199999812e+01
1.010400782013685256e+08,-8.848457270200000835e+01
1.010596285434995145e+08,-9.016062352100001931e+01
1.010791788856305033e+08,-8.600088225199999670e+01
1.010987292277614921e+08,-8.772079166099999270e+01
1.011182795698924661e+08,-8.778361056199999268e+01
1.011378299120234549e+08,-9.121620074700001624e+01
1.011573802541544437e+08,-8.750058521100001485e+01
1.011769305962854326e+08,-8.918033506100000807e+01
1.011964809384164214e+08,-8.878218121200001178e+01
1.012160312805474102e+08,-9.062818142900000851e+01
1.012355816226783991e+08,-8.605303992899999344e+01
1.012551319648093879e+08,-8.714154933099999312e+01
1.012746823069403768e+08,-8.746562829100000158e+01
1.012942326490713656e+08,-8.829111790700000029e+01
1.013137829912023544e+08,-8.751352014600000473e+01
1.013333333333333284e+08,-8.706249429599998280e+01
1.013528836754643172e+08,-8.899653540000001328e+01
1.013724340175953060e+08,-8.958351555200000860e+01
1.013919843597262949e+08,-9.150713368100001333e+01
1.014115347018572837e+08,-8.787904496499997720e+01
1.014310850439882725e+08,-8.999957524999999237e+01
1.014506353861192614e+08,-8.842044199699999751e+01
1.014701857282502502e+08,-8.816152658000001452e+01
1.014897360703812391e+08,-8.987924087700000086e+01
1.015092864125122130e+08,-9.068503532099998665e+01
1.015288367546432018e+08,-9.001266735299998345e+01
1.015483870967741907e+08,-8.642270171300000925e+01
1.015679374389051795e+08,-8.944223654600000373e+01
1.015874877810361683e+08,-8.854320983499998476e+01
1.016070381231671572e+08,-8.801749121199998172e+01
1.016265884652981460e+08,-8.731024942100000885e+01
1.016461388074291348e+08,-8.902997741500000473e+01
1.016656891495601237e+08,-8.750266574500000161e+01
1.016852394916911125e+08,-8.786822053900000640e+01
1.017047898338220865e+08,-8.963721036699998024e+01
1.017243401759530753e+08,-8.840882675499997845e+01
1.017438905180840641e+08,-8.934619511599998987e+01
1.017634408602150530e+08,-8.754132769099999223e+01
1.017829912023460418e+08,-9.035199706899999228e+01
1.018025415444770306e+08,-8.967821979699998280e+01
1.018220918866080195e+08,-8.609887953999998444e+01
1.018416422287390083e+08,-9.045164029700001151e+01
1.018611925708699971e+08,-9.266051390200001947e+01
1.018807429130009711e+08,-8.758771688299999880e+01
1.019002932551319599e+08,-8.885198071199999958e+01
1.019198435972629488e+08,-8.772382044100000087e+01
1.019393939393939376e+08,-9.227197384200000840e+01
1.019589442815249264e+08,-9.115162612299999978e+01
1.019784946236559153e+08,-8.653686925400000973e+01
1.019980449657869041e+08,-8.926426145499998199e+01
1.020175953079178929e+08,-8.880195726700000591e+01
1.020371456500488818e+08,-8.776895280799999455e+01
1.020566959921798706e+08,-8.719424370500001942e+01
1.020762463343108594e+08,-8.892570346099999767e+01
1.020957966764418334e+08,-8.869815168499999913e+01
1.021153470185728222e+08,-9.049328333899998711e+01
1.021348973607038110e+08,-8.970201147499997774e+01
1.021544477028347999e+08,-8.744428321400000925e+01
1.021739980449657887e+08,-8.924443754599998613e+01
1.021935483870967776e+08,-8.994962590500001909e+01
1.022130987292277664e+08,-8.899461959800001409e+01
1.022326490713587552e+08,-8.758237025899998685e+01
1.022521994134897292e+08,-8.920495712200002458e+01
1.022717497556207180e+08,-8.950270715099998142e+01
1.022913000977517068e+08,-8.952480783500000427e+01
1.023108504398826957e+08,-8.811273350299998697e+01
1.023304007820136845e+08,-9.084363100999998153e+01
1.023499511241446733e+08,-9.014347429699998315e+01
1.023695014662756622e+08,-8.651467435599998623e+01
1.023890518084066510e+08,-8.934744736800001874e+01
1.024086021505376399e+08,-8.948413276099999791e+01
1.024281524926686287e+08,-8.675249457499998584e+01
1.024477028347996175e+08,-9.115703873500002885e+01
1.024672531769305915e+08,-8.897114711300000067e+01
1.024868035190615803e+08,-8.887841414100002169e+01
1.025063538611925691e+08,-8.801066873399999224e+01
1.025259042033235580e+08,-8.991154456399999617e+01
1.025454545454545468e+08,-8.870918528600000741e+01
1.025650048875855356e+08,-8.927972082099999795e+01
1.025845552297165245e+08,-8.716801916599999345e+01
1.026041055718475133e+08,-9.031217089100002227e+01
1.026236559139785022e+08,-8.893733522099999789e+01
1.026432062561094761e+08,-8.840015950900000519e+01
1.026627565982404649e+08,-8.694362224500000025e+01
1.026823069403714538e+08,-8.949918934000001514e+01
1.027018572825024426e+08,-8.799980982799998230e+01
1.027214076246334314e+08,-8.831121492200000489e+01
1.027409579667644203e+08,-8.938688602199999877e+01
1.027605083088954091e+08,-8.937151605500000073e+01
1.027800586510263979e+08,-9.054678865999999005e+01
1.027996089931573868e+08,-8.771741912100000604e+01
1.028191593352883756e+08,-8.732760209099998860e+01
1.028387096774193496e+08,-8.940987025300002244e+01
1.028582600195503384e+08,-8.992848825099999033e+01
1.028778103616813272e+08,-8.939987938299998405e+01
1.028973607038123161e+08,-8.684843048800001952e+01
1.029169110459433049e+08,-8.717660900300002425e+01
1.029364613880742937e+08,-8.993288121999999873e+01
1.029560117302052826e+08,-8.911154569099998923e+01
1.029755620723362714e+08,-8.790336009499998227e+01
1.029951124144672602e+08,-8.892306371600000148e+01
1.030146627565982342e+08,-8.800050367100000415e+01
1.030342130987292230e+08,-8.949650910300000817e+01
1.030537634408602118e+08,-8.833603835700002094e+01
1.030733137829912007e+08,-8.955484574200002612e+01
1.030928641251221895e+08,-8.975273920700000474e+01
1.031124144672531784e+08,-8.931142006000000322e+01
1.031319648093841672e+08,-8.786455022399999848e+01
1.031515151515151560e+08,-8.887631962099999328e+01
1.031710654936461449e+08,-8.997566811199999393e+01
1.031906158357771337e+08,-8.874169737300000804e+01
1.032101661779081225e+08,-8.965987404900000968e+01
1.032297165200390965e+08,-8.982650168899998278e+01
1.032492668621700853e+08,-8.851762658299999487e+01
1.032688172043010741e+08,-8.974953813300000149e+01
1.032883675464320630e+08,-8.776984084000000053e+01
1.033079178885630518e+08,-8.941148956899998268e+01
1.033274682306940407e+08,-8.726377623000000483e+01
1.033470185728250295e+08,-8.797440903799999035e+01
1.033665689149560183e+08,-8.828263955200000623e+01
1.033861192570869923e+08,-8.718146350700000369e+01
1.034056695992179811e+08,-8.753168255599999270e+01
1.034252199413489699e+08,-8.970327758999998480e+01
1.034447702834799588e+08,-8.925385447999998689e+01
1.034643206256109476e+08,-9.068045153000001335e+01
1.034838709677419364e+08,-8.947475106000000267e+01
1.035034213098729253e+08,-8.987636238999998284e+01
1.035229716520039141e+08,-9.008900724000000082e+01
1.035425219941349030e+08,-9.172712980000001437e+01
1.035620723362658918e+08,-8.771161487999998485e+01
1.035816226783968806e+08,-8.844967705999999907e+01
1.036011730205278546e+08,-8.935798753999998212e+01
1.036207233626588434e+08,-8.633029720000000395e+01
1.036402737047898322e+08,-8.789998953999999287e+01
1.036598240469208211e+08,-8.768999699000001158e+01
1.036793743890518099e+08,-8.804697254999999245e+01
1.036989247311827987e+08,-9.076033783000001165e+01
1.037184750733137876e+08,-8.932083020999998269e+01
1.037380254154447764e+08,-8.776948982999999771e+01
1.037575757575757653e+08,-8.703017152999998984e+01
1.037771260997067392e+08,-8.912548992000002102e+01
1.037966764418377280e+08,-8.929041071999998280e+01
1.038162267839687169e+08,-9.145854568000001450e+01
1.038357771260997057e+08,-8.528945650000001422e+01
1.038553274682306945e+08,-8.842299271000000260e+01
1.038748778103616834e+08,-8.769251796000001775e+01
1.038944281524926722e+08,-8.755945751000000143e+01
1.039139784946236610e+08,-8.744209616999999923e+01
1.039335288367546499e+08,-8.990862547000001825e+01
1.039530791788856387e+08,-8.752510725000000491e+01
1.039726295210166126e+08,-8.974281366000001015e+01
1.039921798631476015e+08,-8.790020805999998288e+01
1.040117302052785903e+08,-8.729548373000000083e+01
1.040312805474095792e+08,-8.901725496999998199e+01
1.040508308895405680e+08,-8.993132563999998297e+01
1.040703812316715568e+08,-8.730371365999998545e+01
1.040899315738025457e+08,-9.135246277000000248e+01
1.041094819159335345e+08,-9.111216299999999535e+01
1.041290322580645233e+08,-8.874914551000001950e+01
1.041485826001954973e+08,-8.882081931000001873e+01
1.041681329423264861e+08,-9.085271290000001443e+01
1.041876832844574749e+08,-8.877280263000000105e+01
1.042072336265884638e+08,-9.044637190000001681e+01
1.042267839687194526e+08,-8.729546901000001924e+01
1.042463343108504415e+08,-8.869148527000001536e+01
1.042658846529814303e+08,-8.995023508999999251e+01
1.042854349951124191e+08,-8.886733518000001197e+01
1.043049853372434080e+08,-8.609813581000001648e+01
1.043245356793743968e+08,-8.773207364999998958e+01
1.043440860215053856e+08,-8.953989627999999357e+01
1.043636363636363596e+08,-8.760246440000001655e+01
1.043831867057673484e+08,-8.988921519999998111e+01
1.044027370478983372e+08,-8.866027178000000220e+01
1.044222873900293261e+08,-8.822819464999999184e+01
1.044418377321603149e+08,-8.865305001000000118e+01
1.044613880742913038e+08,-8.701840428000001282e+01
1.044809384164222926e+08,-8.728021076999998229e+01
1.045004887585532814e+08,-8.877701950000000863e+01
1.045200391006842554e+08,-8.982163674000001663e+01
1.045395894428152442e+08,-8.795352662999998472e+01
1.045591397849462330e+08,-8.907384163999998350e+01
1.045786901270772219e+08,-9.116566086000000269e+01
1.045982404692082107e+08,-9.141951425000000597e+01
1.046177908113391995e+08,-8.637627138000001992e+01
1.046373411534701884e+08,-8.769563130000001649e+01
1.046568914956011772e+08,-8.773837226000000555e+01
1.046764418377321661e+08,-8.709346825999999453e+01
1.046959921798631549e+08,-8.810558701000000781e+01
1.047155425219941437e+08,-9.043807110999999566e+01
1.047350928641251177e+08,-8.823199952999998175e+01
1.047546432062561065e+08,-8.698440605999998354e+01
1.047741935483870953e+08,-8.845584542000001704e+01
1.047937438905180842e+08,-8.786174991999997985e+01
1.048132942326490730e+08,-8.759731565000001297e+01
1.048328445747800618e+08,-8.641218403000002013e+01
1.048523949169110507e+08,-8.702244023000001505e+01
1.048719452590420395e+08,-8.964070619999998257e+01
1.048914956011730134e+08,-8.842081179000000191e+01
1.049110459433040023e+08,-8.633061599999999203e+01
1.049305962854349911e+08,-8.879988861000001066e+01
1.049501466275659800e+08,-8.932588087000000598e+01
1.049696969696969688e+08,-7.174262182999999027e+01
1.049892473118279576e+08,-4.538270513999999167e+01
1.050087976539589465e+08,-4.378206715999999687e+01
1.050283479960899353e+08,-6.666383906999999454e+01
1.050478983382209241e+08,-8.938016346999998518e+01
1.050674486803519130e+08,-8.743553215999999395e+01
1.050869990224829018e+08,-8.966791262000000984e+01
1.051065493646138906e+08,-9.015783527999998626e+01
1.051260997067448646e+08,-8.727481679000001691e+01
1.051456500488758534e+08,-8.817750494999998523e+01
1.051652003910068423e+08,-8.965635026999999013e+01
1.051847507331378311e+08,-8.798365075000000957e+01
1.052043010752688199e+08,-8.917150225000000319e+01
1.052238514173998088e+08,-9.147244698999999457e+01
1.052434017595307976e+08,-8.979131262999999308e+01
1.052629521016617715e+08,-8.681291853000001879e+01
1.052825024437927604e+08,-8.825151498000001027e+01
1.053020527859237492e+08,-8.859450421999999037e+01
1.053216031280547380e+08,-8.839109312000000784e+01
1.053411534701857269e+08,-8.924928283999999223e+01
1.053607038123167157e+08,-8.709155001000000595e+01
1.053802541544477046e+08,-9.081975392000001079e+01
1.053998044965786934e+08,-8.831322969999997952e+01
1.054193548387096822e+08,-9.140946469999998669e+01
1.054389051808406711e+08,-8.823175211999999590e+01
1.054584555229716599e+08,-8.905915450999999905e+01
1.054780058651026487e+08,-8.872889818000000162e+01
1.054975562072336227e+08,-8.975445665999998823e+01
1.055171065493646115e+08,-8.955749075999997899e+01
1.055366568914956003e+08,-8.752962166999999738e+01
1.055562072336265892e+08,-8.527452577999999050e+01
1.055757575757575780e+08,-8.914328820000001485e+01
1.055953079178885669e+08,-8.915442057999997871e+01
1.056148582600195557e+08,-8.916534586999999590e+01
1.056344086021505445e+08,-8.935646111999999164e+01
1.056539589442815185e+08,-9.142092460000002063e+01
1.056735092864125073e+08,-8.903603363000000570e+01
1.056930596285434961e+08,-8.851043374000001052e+01
1.057126099706744850e+08,-8.758283452000000580e+01
1.057321603128054738e+08,-8.984215982000000622e+01
1.057517106549364626e+08,-8.736957386999998221e+01
1.057712609970674515e+08,-9.016947119999998961e+01
1.057908113391984403e+08,-8.942014149000000600e+01
1.058103616813294291e+08,-8.696887970000000223e+01
1.058299120234604180e+08,-9.003193010999999046e+01
1.058494623655914068e+08,-8.828894860000001188e+01
1.058690127077223957e+08,-8.859984915999999089e+01
1.058885630498533696e+08,-9.088125229000000616e+01
1.059081133919843584e+08,-8.734631292999998209e+01
1.059276637341153473e+08,-9.125477654999998833e+01
1.059472140762463361e+08,-8.754334966999999779e+01
1.059667644183773249e+08,-8.752979660000001161e+01
1.059863147605083138e+08,-8.870009668000000147e+01
1.060058651026393026e+08,-8.804552568999999096e+01
1.060254154447702765e+08,-8.821113422999998477e+01
1.060449657869012654e+08,-8.961339023999998687e+01
1.060645161290322542e+08,-8.811484582000001353e+01
1.060840664711632431e+08,-8.921987206999997966e+01
1.061036168132942319e+08,-8.924300221000000022e+01
1.061231671554252207e+08,-9.004215784999998107e+01
1.061427174975562096e+08,-8.763655961999998567e+01
1.061622678396871984e+08,-8.941928590999999926e+01
1.061818181818181872e+08,-8.720731843999999455e+01
1.062013685239491761e+08,-8.953459275999999534e+01
1.062209188660801649e+08,-8.896079145000000210e+01
1.062404692082111537e+08,-8.778148814999998706e+01
1.062600195503421277e+08,-8.780736105999999097e+01
1.062795698924731165e+08,-8.863215854999999976e+01
1.062991202346041054e+08,-8.948191506999999945e+01
1.063186705767350942e+08,-8.722126551999998867e+01
1.063382209188660830e+08,-9.093993922999997892e+01
1.063577712609970719e+08,-8.966183253999999181e+01
1.063773216031280607e+08,-9.015717315999998505e+01
1.063968719452590346e+08,-8.784612764999998547e+01
1.064164222873900235e+08,-8.836717986999998686e+01
1.064359726295210123e+08,-9.205671310000001029e+01
1.064555229716520011e+08,-8.759716850999998883e+01
1.064750733137829900e+08,-8.876390347999998198e+01
1.064946236559139788e+08,-8.901419122000001494e+01
1.065141739980449677e+08,-8.870827484000001562e+01
1.065337243401759565e+08,-8.979945046999999647e+01
1.065532746823069453e+08,-8.991843523000000005e+01
1.065728250244379342e+08,-8.892048753999998212e+01
1.065923753665689230e+08,-8.833454949999999428e+01
1.066119257086999118e+08,-8.809617070000000183e+01
1.066314760508308858e+08,-8.772600937000001409e+01
1.066510263929618746e+08,-8.604652131999999654e+01
1.066705767350928634e+08,-8.745213753999998119e+01
1.066901270772238523e+08,-8.920167813999999851e+01
1.067096774193548411e+08,-8.952731867999999338e+01
1.067292277614858299e+08,-8.783905574000002048e+01
1.067487781036168188e+08,-8.731160354999998674e+01
1.067683284457477927e+08,-8.808182417000000441e+01
1.067878787878787816e+08,-9.010027913000000410e+01
1.068074291300097704e+08,-8.688560866999999632e+01
1.068269794721407592e+08,-8.698594392999999059e+01
1.068465298142717481e+08,-8.888098035999998103e+01
1.068660801564027369e+08,-8.785540117999998699e+01
1.068856304985337257e+08,-8.854471424999998419e+01
1.069051808406647146e+08,-8.793621826000001818e+01
1.069247311827957034e+08,-8.923638043999999070e+01
1.069442815249266922e+08,-8.673102133999999808e+01
1.069638318670576811e+08,-8.773313085999998862e+01
1.069833822091886699e+08,-8.891865104000000031e+01
1.070029325513196588e+08,-8.764088658000001431e+01
1.070224828934506327e+08,-8.606959533999999223e+01
1.070420332355816215e+08,-8.814886747000001321e+01
1.070615835777126104e+08,-8.822410856000000479e+01
1.070811339198435992e+08,-8.904396984000001680e+01
1.071006842619745880e+08,-9.024868883000000608e+01
1.071202346041055769e+08,-8.950326701999998136e+01
1.071397849462365657e+08,-8.800945445000000689e+01
1.071593352883675396e+08,-9.004834311000000469e+01
1.071788856304985285e+08,-8.771220180000000255e+01
1.071984359726295173e+08,-8.957089886999997930e+01
1.072179863147605062e+08,-9.043642588999999532e+01
1.072375366568914950e+08,-9.051207679000000894e+01
1.072570869990224838e+08,-8.964063263000001314e+01
1.072766373411534727e+08,-8.788126591000001042e+01
1.072961876832844615e+08,-8.655578067999999803e+01
1.073157380254154503e+08,-8.695985958000001403e+01
1.073352883675464392e+08,-8.906443295999999066e+01
1.073548387096774280e+08,-8.921571186999999270e+01
1.073743890518084168e+08,-8.906029782999998190e+01
1.073939393939393908e+08,-8.876795740999999396e+01
1.074134897360703796e+08,-8.791578184000000817e+01
1.074330400782013685e+08,-8.728198569000001328e+01
1.074525904203323573e+08,-8.930976485999998715e+01
1.074721407624633461e+08,-8.988313347999998371e+01
1.074916911045943350e+08,-8.746217836999998951e+01
1.075112414467253238e+08,-8.675714219999998988e+01
1.075307917888562977e+08,-8.815556062999998232e+01
1.075503421309872866e+08,-9.247356415000000140e+01
1.075698924731182754e+08,-8.753611646000000235e+01
1.075894428152492642e+08,-8.854220199999998897e+01
1.076089931573802531e+08,-8.807076972000001547e+01
1.076285434995112419e+08,-8.962126487000000452e+01
1.076480938416422307e+08,-8.839897100999998258e+01
1.076676441837732196e+08,-8.896205411999999058e+01
1.076871945259042084e+08,-8.738054601999999704e+01
1.077067448680351973e+08,-8.777338190999999767e+01
1.077262952101661861e+08,-8.607160840999998186e+01
1.077458455522971749e+08,-8.879416274999998393e+01
1.077653958944281489e+08,-8.869051579000002050e+01
1.077849462365591377e+08,-8.735522570000000542e+01
1.078044965786901265e+08,-8.842816271000000938e+01
1.078240469208211154e+08,-8.959510312999999826e+01
1.078435972629521042e+08,-8.783786010999997984e+01
1.078631476050830930e+08,-8.883962576999999783e+01
1.078826979472140819e+08,-9.008514294999999095e+01
1.079022482893450558e+08,-8.980822971999999993e+01
1.079217986314760447e+08,-8.802664675000001182e+01
1.079413489736070335e+08,-8.770866449000001808e+01
1.079608993157380223e+08,-8.795572934999998438e+01
1.079804496578690112e+08,-8.733482305999999085e+01
1.080000000000000000e+08,-8.738716343000000109e+01
