Frequency_Hz,Power_dBm
138000000.00,-66.6288
138009765.62,-66.6727
138019531.25,-66.7009
138029296.88,-66.7429
138039062.50,-66.7919
138048828.12,-66.7660
138058593.75,-66.7690
138068359.38,-66.7077
138078125.00,-66.7395
138087890.62,-66.7067
138097656.25,-66.6653
138107421.88,-66.6650
138117187.50,-66.7056
138126953.12,-66.6714
138136718.75,-66.7115
138146484.38,-66.6757
138156250.00,-66.5814
138166015.62,-66.6422
138175781.25,-66.5988
138185546.88,-66.6829
138195312.50,-66.8083
138205078.12,-66.7678
138214843.75,-66.7374
138224609.38,-66.7932
138234375.00,-66.6866
138244140.62,-66.6366
138253906.25,-66.7341
138263671.88,-66.7591
138273437.50,-66.7618
138283203.12,-66.7153
138292968.75,-66.6840
138302734.38,-66.6623
138312500.00,-66.7331
138322265.62,-66.7622
138332031.25,-66.7663
138341796.88,-66.7240
138351562.50,-66.6793
138361328.12,-66.6971
138371093.75,-66.7083
138380859.38,-66.6704
138390625.00,-66.7195
138400390.62,-66.6934
138410156.25,-66.6372
138419921.88,-66.6867
138429687.50,-66.7231
138439453.12,-66.7342
138449218.75,-66.7470
138458984.38,-66.7046
138468750.00,-66.6736
138478515.62,-66.6721
138488281.25,-66.6804
138498046.88,-66.6527
138507812.50,-66.6992
138517578.12,-66.6655
138527343.75,-66.7210
138537109.38,-66.7215
138546875.00,-66.7034
138556640.62,-66.6701
138566406.25,-66.6458
138576171.88,-66.6338
138585937.50,-66.5799
138595703.12,-66.6503
138605468.75,-66.7167
138615234.38,-66.7416
138625000.00,-66.7254
138634765.62,-66.6812
138644531.25,-66.6735
138654296.88,-66.6984
138664062.50,-66.7245
138673828.12,-66.7259
138683593.75,-66.6801
138693359.38,-66.6986
138703125.00,-66.6891
138712890.62,-66.5963
138722656.25,-66.6110
138732421.88,-66.6654
138742187.50,-66.5857
138751953.12,-66.6500
138761718.75,-66.6750
138771484.38,-66.7135
138781250.00,-66.7078
138791015.62,-66.7806
138800781.25,-66.7299
138810546.88,-66.6657
138820312.50,-66.6529
138830078.12,-66.6024
138839843.75,-66.6892
138849609.38,-66.6951
138859375.00,-66.6398
138869140.62,-66.6655
138878906.25,-66.6303
138888671.88,-66.6620
138898437.50,-66.6870
138908203.12,-66.6754
138917968.75,-66.6111
138927734.38,-66.5868
138937500.00,-66.6647
138947265.62,-66.7162
138957031.25,-66.7160
138966796.88,-66.6893
138976562.50,-66.7098
138986328.12,-66.7110
138996093.75,-66.5492
139005859.38,-66.5964
139015625.00,-66.6360
139025390.62,-66.6090
139035156.25,-66.6331
139044921.88,-66.7140
139054687.50,-66.6612
139064453.12,-66.6244
139074218.75,-66.6697
139083984.38,-66.6398
139093750.00,-66.6200
139103515.62,-66.5997
139113281.25,-66.5380
139123046.88,-66.5788
139132812.50,-66.6327
139142578.12,-66.6937
139152343.75,-66.6361
139162109.38,-66.6155
139171875.00,-66.6893
139181640.62,-66.7242
139191406.25,-66.7050
139201171.88,-66.7055
139210937.50,-66.6053
139220703.12,-66.5898
139230468.75,-66.6717
139240234.38,-66.6831
139250000.00,-66.7004
139259765.62,-66.6544
139269531.25,-66.5499
139279296.88,-66.5612
139289062.50,-66.5921
139298828.12,-66.6177
139308593.75,-66.5716
139318359.38,-66.5986
139328125.00,-66.6299
139337890.62,-66.5600
139347656.25,-66.6289
139357421.88,-66.6836
139367187.50,-66.7128
139376953.12,-66.6377
139386718.75,-66.6587
139396484.38,-66.5948
139406250.00,-66.5791
139416015.62,-66.6063
139425781.25,-66.6599
139435546.88,-66.6577
139445312.50,-66.6591
139455078.12,-66.6836
139464843.75,-66.6360
139474609.38,-66.6764
139484375.00,-66.6612
139494140.62,-66.6455
139503906.25,-66.6896
139513671.88,-66.6214
139523437.50,-66.6347
139533203.12,-66.6888
139542968.75,-66.6694
139552734.38,-66.6943
139562500.00,-66.6695
139572265.62,-66.6646
139582031.25,-66.6138
139591796.88,-66.5793
139601562.50,-66.6561
139611328.12,-66.6774
139621093.75,-66.6461
139630859.38,-66.6398
139640625.00,-66.6823
139650390.62,-66.7064
139660156.25,-66.7445
139669921.88,-66.6722
139679687.50,-66.6777
139689453.12,-66.7191
139699218.75,-66.6866
139708984.38,-66.6024
139718750.00,-66.6374
139728515.62,-66.6612
139738281.25,-66.6078
139748046.88,-66.6036
139757812.50,-66.7157
139767578.12,-66.6952
139777343.75,-66.6598
139787109.38,-66.6196
139796875.00,-66.6793
139806640.62,-66.6322
139816406.25,-66.6044
139826171.88,-66.6803
139835937.50,-66.6799
139845703.12,-66.6439
139855468.75,-66.6116
139865234.38,-66.6417
139875000.00,-66.5766
139884765.62,-66.6569
139894531.25,-66.6548
139904296.88,-66.6535
139914062.50,-66.7197
139923828.12,-66.6250
139933593.75,-66.6409
139943359.38,-66.6876
139953125.00,-66.6372
139962890.62,-66.5852
139972656.25,-66.5955
139982421.88,-66.6283
139992187.50,-66.6162
140001953.12,-66.4847
140011718.75,-66.6754
140021484.38,-66.6916
140031250.00,-66.6372
140041015.62,-66.4923
140050781.25,-66.4607
140060546.88,-66.4441
140070312.50,-66.5211
140080078.12,-66.6319
140089843.75,-66.7182
140099609.38,-66.6928
140109375.00,-66.6672
140119140.62,-66.6786
140128906.25,-66.7260
140138671.88,-66.6754
140148437.50,-66.6628
140158203.12,-66.6149
140167968.75,-66.6273
140177734.38,-66.6569
140187500.00,-66.6589
140197265.62,-66.6678
140207031.25,-66.6827
140216796.88,-66.6967
140226562.50,-66.6829
140236328.12,-66.6788
140246093.75,-66.6085
140255859.38,-66.6623
140265625.00,-66.7315
140275390.62,-66.7177
140285156.25,-66.6798
140294921.88,-66.6894
140304687.50,-66.7467
140314453.12,-66.6480
140324218.75,-66.6079
140333984.38,-66.7038
140343750.00,-66.7582
140353515.62,-66.7506
140363281.25,-66.7121
140373046.88,-66.6756
140382812.50,-66.6595
140392578.12,-66.6568
140402343.75,-66.7089
140412109.38,-66.7253
140421875.00,-66.6975
140431640.62,-66.7324
140441406.25,-66.8246
140451171.88,-66.6863
140460937.50,-66.6236
140470703.12,-66.6493
140480468.75,-66.7191
140490234.38,-66.6385
140500000.00,-66.6794
140509765.62,-66.7015
140519531.25,-66.6816
140529296.88,-66.6616
140539062.50,-66.6985
140548828.12,-66.6754
140558593.75,-66.6715
140568359.38,-66.6507
140578125.00,-66.6326
140587890.62,-66.6517
140597656.25,-66.6643
140607421.88,-66.7129
140617187.50,-66.6890
140626953.12,-66.6781
140636718.75,-66.6831
140646484.38,-66.6784
140656250.00,-66.7045
140666015.62,-66.7134
140675781.25,-66.7227
140685546.88,-66.7543
140695312.50,-66.7275
140705078.12,-66.6694
140714843.75,-66.7119
140724609.38,-66.7008
140734375.00,-66.6826
140744140.62,-66.6467
140753906.25,-66.7179
140763671.88,-66.7821
140773437.50,-66.6558
140783203.12,-66.7385
140792968.75,-66.6702
140802734.38,-66.6355
140812500.00,-66.6755
140822265.62,-66.7155
140832031.25,-66.7734
140841796.88,-66.7245
140851562.50,-66.7275
140861328.12,-66.7285
140871093.75,-66.7096
140880859.38,-66.6572
140890625.00,-66.7004
140900390.62,-66.7888
140910156.25,-66.7974
140919921.88,-66.7323
140929687.50,-66.6928
140939453.12,-66.6866
140949218.75,-66.6272
140958984.38,-66.6197
140968750.00,-66.7060
140978515.62,-66.7414
140988281.25,-66.7335
140998046.88,-66.7349
141007812.50,-66.7107
141017578.12,-66.6747
141027343.75,-66.6965
141037109.38,-66.7520
141046875.00,-66.6988
141056640.62,-66.6454
141066406.25,-66.7070
141076171.88,-66.7243
141085937.50,-66.6880
141095703.12,-66.7318
141105468.75,-66.7276
141115234.38,-66.7125
141125000.00,-66.7361
141134765.62,-66.7217
141144531.25,-66.7086
141154296.88,-66.7081
141164062.50,-66.7322
141173828.12,-66.7454
141183593.75,-66.7424
141193359.38,-66.6934
141203125.00,-66.7111
141212890.62,-66.7516
141222656.25,-66.7541
141232421.88,-66.7402
141242187.50,-66.7125
141251953.12,-66.7371
141261718.75,-66.6489
141271484.38,-66.6184
141281250.00,-66.6685
141291015.62,-66.7525
141300781.25,-66.6453
141310546.88,-66.6579
141320312.50,-66.6245
141330078.12,-66.6698
141339843.75,-66.6823
141349609.38,-66.7306
141359375.00,-66.7252
141369140.62,-66.7285
141378906.25,-66.7150
141388671.88,-66.6783
141398437.50,-66.7136
141408203.12,-66.7400
141417968.75,-66.7365
141427734.38,-66.7423
141437500.00,-66.7169
141447265.62,-66.7195
141457031.25,-66.6434
141466796.88,-66.7302
141476562.50,-66.7038
141486328.12,-66.7057
141496093.75,-66.6980
141505859.38,-66.7151
141515625.00,-66.7731
141525390.62,-66.7476
141535156.25,-66.7453
141544921.88,-66.6986
141554687.50,-66.7451
141564453.12,-66.6641
141574218.75,-66.6498
141583984.38,-66.6977
141593750.00,-66.7686
141603515.62,-66.7446
141613281.25,-66.6731
141623046.88,-66.6629
141632812.50,-66.7195
141642578.12,-66.6809
141652343.75,-66.6125
141662109.38,-66.7329
141671875.00,-66.7047
141681640.62,-66.7007
141691406.25,-66.7192
141701171.88,-66.7090
141710937.50,-66.6614
141720703.12,-66.6850
141730468.75,-66.7396
141740234.38,-66.7348
141750000.00,-66.7164
141759765.62,-66.6943
141769531.25,-66.6844
141779296.88,-66.6246
141789062.50,-66.6028
141798828.12,-66.6590
141808593.75,-66.7198
141818359.38,-66.6980
141828125.00,-66.6650
141837890.62,-66.6388
141847656.25,-66.7030
141857421.88,-66.7399
141867187.50,-66.7216
141876953.12,-66.6885
141886718.75,-66.6868
141896484.38,-66.6822
141906250.00,-66.6830
141916015.62,-66.7376
141925781.25,-66.6998
141935546.88,-66.6265
141945312.50,-66.6769
141955078.12,-66.7400
141964843.75,-66.7153
141974609.38,-66.7105
141984375.00,-66.7112
141994140.62,-66.6472
142003906.25,-66.6501
142013671.88,-66.6559
142023437.50,-66.6988
142033203.12,-66.7322
142042968.75,-66.7162
142052734.38,-66.6564
142062500.00,-66.6674
142072265.62,-66.7413
142082031.25,-66.7115
142091796.88,-66.6447
142101562.50,-66.7362
142111328.12,-66.7608
142121093.75,-66.7073
142130859.38,-66.7074
142140625.00,-66.7220
142150390.62,-66.7588
142160156.25,-66.7581
142169921.88,-66.7030
142179687.50,-66.7102
142189453.12,-66.7525
142199218.75,-66.6509
142208984.38,-66.6054
142218750.00,-66.6057
142228515.62,-66.6599
142238281.25,-66.6863
142248046.88,-66.6874
142257812.50,-66.6425
142267578.12,-66.7325
142277343.75,-66.7206
142287109.38,-66.6459
142296875.00,-66.6807
142306640.62,-66.7119
142316406.25,-66.6876
142326171.88,-66.7109
142335937.50,-66.6955
142345703.12,-66.6667
142355468.75,-66.7162
142365234.38,-66.6936
142375000.00,-66.7285
142384765.62,-66.7125
142394531.25,-66.7088
142404296.88,-66.6972
142414062.50,-66.7035
142423828.12,-66.7331
142433593.75,-66.6418
142443359.38,-66.6768
142453125.00,-66.7062
142462890.62,-66.6320
142472656.25,-66.6744
142482421.88,-66.7387
142492187.50,-66.7514
142501953.12,-66.6844
142511718.75,-66.6719
142521484.38,-66.6832
142531250.00,-66.6867
142541015.62,-66.6719
142550781.25,-66.6699
142560546.88,-66.7154
142570312.50,-66.7150
142580078.12,-66.6899
142589843.75,-66.6391
142599609.38,-66.6907
142609375.00,-66.6886
142619140.62,-66.6740
142628906.25,-66.6854
142638671.88,-66.6754
142648437.50,-66.7153
142658203.12,-66.6778
142667968.75,-66.7448
142677734.38,-66.8130
142687500.00,-66.7628
142697265.62,-66.7090
142707031.25,-66.7031
142716796.88,-66.7653
142726562.50,-66.7764
142736328.12,-66.8469
142746093.75,-66.8435
142755859.38,-66.7125
142765625.00,-66.6829
142775390.62,-66.6217
142785156.25,-66.7013
142794921.88,-66.7381
142804687.50,-66.6952
142814453.12,-66.7347
142824218.75,-66.7195
142833984.38,-66.7094
142843750.00,-66.7542
142853515.62,-66.7243
142863281.25,-66.6686
142873046.88,-66.6939
142882812.50,-66.7366
142892578.12,-66.7668
142902343.75,-66.7295
142912109.38,-66.7307
142921875.00,-66.7822
142931640.62,-66.6968
142941406.25,-66.6860
142951171.88,-66.6569
142960937.50,-66.7801
142970703.12,-66.7273
142980468.75,-66.7159
142990234.38,-66.7160
143000000.00,-66.7254
143009765.62,-66.7340
143019531.25,-66.7227
143029296.88,-66.7369
143039062.50,-66.7850
143048828.12,-66.7565
143058593.75,-66.6926
143068359.38,-66.6784
143078125.00,-66.8032
143087890.62,-66.8420
143097656.25,-66.7256
143107421.88,-66.7061
143117187.50,-66.7749
143126953.12,-66.7483
143136718.75,-66.7235
143146484.38,-66.7331
143156250.00,-66.7189
143166015.62,-66.7387
143175781.25,-66.7251
143185546.88,-66.7384
143195312.50,-66.7551
143205078.12,-66.7108
143214843.75,-66.6998
143224609.38,-66.7164
143234375.00,-66.7352
143244140.62,-66.7339
143253906.25,-66.7056
143263671.88,-66.7725
143273437.50,-66.7900
143283203.12,-66.8275
143292968.75,-66.7531
143302734.38,-66.7591
143312500.00,-66.7290
143322265.62,-66.7548
143332031.25,-66.7894
143341796.88,-66.7779
143351562.50,-66.7552
143361328.12,-66.8088
143371093.75,-66.8609
143380859.38,-66.7370
143390625.00,-66.7379
143400390.62,-66.7632
143410156.25,-66.7802
143419921.88,-66.7822
143429687.50,-66.6913
143439453.12,-66.6823
143449218.75,-66.7673
143458984.38,-66.7737
143468750.00,-66.7921
143478515.62,-66.7770
143488281.25,-66.7276
143498046.88,-66.7990
143507812.50,-66.8117
143517578.12,-66.7577
143527343.75,-66.8004
143537109.38,-66.7194
143546875.00,-66.7291
143556640.62,-66.7451
143566406.25,-66.7533
143576171.88,-66.7655
143585937.50,-66.7856
143595703.12,-66.7995
143605468.75,-66.7853
143615234.38,-66.7865
143625000.00,-66.6934
143634765.62,-66.7434
143644531.25,-66.7014
143654296.88,-66.7006
143664062.50,-66.6577
143673828.12,-66.6825
143683593.75,-66.7231
143693359.38,-66.6763
143703125.00,-66.6797
143712890.62,-66.7213
143722656.25,-66.8018
143732421.88,-66.7507
143742187.50,-66.7162
143751953.12,-66.7180
143761718.75,-66.7186
143771484.38,-66.7682
143781250.00,-66.7687
143791015.62,-66.7246
143800781.25,-66.6893
143810546.88,-66.6846
143820312.50,-66.6671
143830078.12,-66.7062
143839843.75,-66.7502
143849609.38,-66.7351
143859375.00,-66.7328
143869140.62,-66.7541
143878906.25,-66.7038
143888671.88,-66.7157
143898437.50,-66.7494
143908203.12,-66.7649
143917968.75,-66.6921
143927734.38,-66.6439
143937500.00,-66.6232
143947265.62,-66.6601
143957031.25,-66.7161
143966796.88,-66.7073
143976562.50,-66.6938
143986328.12,-66.3327
143996093.75,-62.2448
144005859.38,-62.6822
144015625.00,-66.4315
144025390.62,-66.7056
144035156.25,-66.7086
144044921.88,-66.6821
144054687.50,-66.7734
144064453.12,-66.8139
144074218.75,-66.7918
144083984.38,-66.7413
144093750.00,-66.7290
144103515.62,-66.6612
144113281.25,-66.7542
144123046.88,-66.7531
144132812.50,-66.6788
144142578.12,-66.7536
144152343.75,-66.8350
144162109.38,-66.8136
144171875.00,-66.7184
144181640.62,-66.7203
144191406.25,-66.7558
144201171.88,-66.7605
144210937.50,-66.8077
144220703.12,-66.7577
144230468.75,-66.6771
144240234.38,-66.7474
144250000.00,-66.7764
144259765.62,-66.7503
144269531.25,-66.7861
144279296.88,-66.7883
144289062.50,-66.8173
144298828.12,-66.8396
144308593.75,-66.7578
144318359.38,-66.7450
144328125.00,-66.7197
144337890.62,-66.7393
144347656.25,-66.7392
144357421.88,-66.7531
144367187.50,-66.7387
144376953.12,-66.7154
144386718.75,-66.7692
144396484.38,-66.7656
144406250.00,-66.7800
144416015.62,-66.7749
144425781.25,-66.7264
144435546.88,-66.8235
144445312.50,-66.7492
144455078.12,-66.7189
144464843.75,-66.7024
144474609.38,-66.7156
144484375.00,-66.7333
144494140.62,-66.6855
144503906.25,-66.7162
144513671.88,-66.7014
144523437.50,-66.7412
144533203.12,-66.7146
144542968.75,-66.6875
144552734.38,-66.7381
144562500.00,-66.7345
144572265.62,-66.8353
144582031.25,-66.8638
144591796.88,-66.8069
144601562.50,-66.7748
144611328.12,-66.7447
144621093.75,-66.7237
144630859.38,-66.7328
144640625.00,-66.7197
144650390.62,-66.7366
144660156.25,-66.7661
144669921.88,-66.7592
144679687.50,-66.7467
144689453.12,-66.6912
144699218.75,-66.7217
144708984.38,-66.7189
144718750.00,-66.7653
144728515.62,-66.8067
144738281.25,-66.7844
144748046.88,-66.8270
144757812.50,-66.7865
144767578.12,-66.6987
144777343.75,-66.7847
144787109.38,-66.8002
144796875.00,-66.7452
144806640.62,-66.7182
144816406.25,-66.6267
144826171.88,-66.6604
144835937.50,-66.6884
144845703.12,-66.7573
144855468.75,-66.7701
144865234.38,-66.7402
144875000.00,-66.6878
144884765.62,-66.7155
144894531.25,-66.7379
144904296.88,-66.7595
144914062.50,-66.7521
144923828.12,-66.6922
144933593.75,-66.7565
144943359.38,-66.7582
144953125.00,-66.7433
144962890.62,-66.7648
144972656.25,-66.7999
144982421.88,-66.8031
144992187.50,-66.8086
145001953.12,-66.7545
145011718.75,-66.8361
145021484.38,-66.7192
145031250.00,-66.7231
145041015.62,-66.7797
145050781.25,-66.8165
145060546.88,-66.7630
145070312.50,-66.6693
145080078.12,-66.7227
145089843.75,-66.7051
145099609.38,-66.7380
145109375.00,-66.7852
145119140.62,-66.7762
145128906.25,-66.7856
145138671.88,-66.8018
145148437.50,-66.7880
145158203.12,-66.7442
145167968.75,-66.7633
145177734.38,-66.7311
145187500.00,-66.7634
145197265.62,-66.7700
145207031.25,-66.7699
145216796.88,-66.8034
145226562.50,-66.7317
145236328.12,-66.7516
145246093.75,-66.8130
145255859.38,-66.7760
145265625.00,-66.7652
145275390.62,-66.7961
145285156.25,-66.7269
145294921.88,-66.8431
145304687.50,-66.8375
145314453.12,-66.8066
145324218.75,-66.7793
145333984.38,-66.8646
145343750.00,-66.8172
145353515.62,-66.7760
145363281.25,-66.8016
145373046.88,-66.7305
145382812.50,-66.7920
145392578.12,-66.8211
145402343.75,-66.7327
145412109.38,-66.6960
145421875.00,-66.7629
145431640.62,-66.8115
145441406.25,-66.8632
145451171.88,-66.8454
145460937.50,-66.9069
145470703.12,-66.9366
145480468.75,-66.8218
145490234.38,-66.7360
145500000.00,-66.7555
145509765.62,-66.8067
145519531.25,-66.7858
145529296.88,-66.7375
145539062.50,-66.7416
145548828.12,-66.7894
145558593.75,-66.7701
145568359.38,-66.8034
145578125.00,-66.8075
145587890.62,-66.8346
145597656.25,-66.8397
145607421.88,-66.8474
145617187.50,-66.9162
145626953.12,-66.8943
145636718.75,-66.7615
145646484.38,-66.7249
145656250.00,-66.7652
145666015.62,-66.6847
145675781.25,-66.7135
145685546.88,-66.8195
145695312.50,-66.9173
145705078.12,-66.8755
145714843.75,-66.7716
145724609.38,-66.8248
145734375.00,-66.8398
145744140.62,-66.8224
145753906.25,-66.8570
145763671.88,-66.8794
145773437.50,-66.8051
145783203.12,-66.8722
145792968.75,-66.8740
145802734.38,-66.8739
145812500.00,-66.7994
145822265.62,-66.8313
145832031.25,-66.8575
145841796.88,-66.8674
145851562.50,-66.8385
145861328.12,-66.7370
145871093.75,-66.7813
145880859.38,-66.7937
145890625.00,-66.8460
145900390.62,-66.8426
145910156.25,-66.8439
145919921.88,-66.8444
145929687.50,-66.8438
145939453.12,-66.8583
145949218.75,-66.8398
145958984.38,-66.7993
145968750.00,-66.7690
145978515.62,-66.7828
145988281.25,-66.7398
145998046.88,-66.6853
146007812.50,-66.7442
146017578.12,-66.8341
146027343.75,-66.7934
146037109.38,-66.7898
146046875.00,-66.8312
146056640.62,-66.8052
146066406.25,-66.8531
146076171.88,-66.8672
146085937.50,-66.8600
146095703.12,-66.8850
146105468.75,-66.8331
146115234.38,-66.8325
146125000.00,-66.8575
146134765.62,-66.9316
146144531.25,-66.9257
146154296.88,-66.8886
146164062.50,-66.8371
146173828.12,-66.7945
146183593.75,-66.8294
146193359.38,-66.8131
146203125.00,-66.8129
146212890.62,-66.8613
146222656.25,-66.8402
146232421.88,-66.8602
146242187.50,-66.8475
146251953.12,-66.8606
146261718.75,-66.8078
146271484.38,-66.7610
146281250.00,-66.8464
146291015.62,-66.8505
146300781.25,-66.8303
146310546.88,-66.7329
146320312.50,-66.7134
146330078.12,-66.8180
146339843.75,-66.8325
146349609.38,-66.9021
146359375.00,-66.9439
146369140.62,-66.8783
146378906.25,-66.8949
146388671.88,-66.8174
146398437.50,-66.7874
146408203.12,-66.8603
146417968.75,-66.8070
146427734.38,-66.7981
146437500.00,-66.8200
146447265.62,-66.8214
146457031.25,-66.8053
146466796.88,-66.8685
146476562.50,-66.8517
146486328.12,-66.8694
146496093.75,-66.8754
146505859.38,-66.9026
146515625.00,-66.8722
146525390.62,-66.8064
146535156.25,-66.8160
146544921.88,-66.7683
146554687.50,-66.7953
146564453.12,-66.7932
146574218.75,-66.9009
146583984.38,-66.8234
146593750.00,-66.8004
146603515.62,-66.8119
146613281.25,-66.7876
146623046.88,-66.7524
146632812.50,-66.7546
146642578.12,-66.7630
146652343.75,-66.7912
146662109.38,-66.8511
146671875.00,-66.8558
146681640.62,-66.7243
146691406.25,-66.7904
146701171.88,-66.8310
146710937.50,-66.8587
146720703.12,-66.8128
146730468.75,-66.8022
146740234.38,-66.7842
146750000.00,-66.8046
146759765.62,-66.8506
146769531.25,-66.6799
146779296.88,-66.7017
146789062.50,-66.8098
146798828.12,-66.7724
146808593.75,-66.7834
146818359.38,-66.6986
146828125.00,-66.7327
146837890.62,-66.7868
146847656.25,-66.7311
146857421.88,-66.7695
146867187.50,-66.7554
146876953.12,-66.8934
146886718.75,-66.9335
146896484.38,-66.8228
146906250.00,-66.7488
146916015.62,-66.7716
146925781.25,-66.7922
146935546.88,-66.7763
146945312.50,-66.7264
146955078.12,-66.7549
146964843.75,-66.7220
146974609.38,-66.6998
146984375.00,-66.6953
146994140.62,-66.6701
147003906.25,-66.6815
147013671.88,-66.7583
147023437.50,-66.7687
147033203.12,-66.7536
147042968.75,-66.7979
147052734.38,-66.8257
147062500.00,-66.7702
147072265.62,-66.7568
147082031.25,-66.7749
147091796.88,-66.7495
147101562.50,-66.7298
147111328.12,-66.7721
147121093.75,-66.7419
147130859.38,-66.7355
147140625.00,-66.7642
147150390.62,-66.7319
147160156.25,-66.7548
147169921.88,-66.7284
147179687.50,-66.6911
147189453.12,-66.7051
147199218.75,-66.6957
147208984.38,-66.6760
147218750.00,-66.7607
147228515.62,-66.7872
147238281.25,-66.8227
147248046.88,-66.8567
147257812.50,-66.7820
147267578.12,-66.8186
147277343.75,-66.7622
147287109.38,-66.7511
147296875.00,-66.7335
147306640.62,-66.6707
147316406.25,-66.7309
147326171.88,-66.7730
147335937.50,-66.7249
147345703.12,-66.7075
147355468.75,-66.7160
147365234.38,-66.7684
147375000.00,-66.7402
147384765.62,-66.6923
147394531.25,-66.7588
147404296.88,-66.7020
147414062.50,-66.6898
147423828.12,-66.6242
147433593.75,-66.6862
147443359.38,-66.7471
147453125.00,-66.7038
147462890.62,-66.7114
147472656.25,-66.7841
147482421.88,-66.7660
147492187.50,-66.7342
147501953.12,-66.6787
147511718.75,-66.6167
147521484.38,-66.6054
147531250.00,-66.6002
147541015.62,-66.5826
147550781.25,-66.6451
147560546.88,-66.6833
147570312.50,-66.6872
147580078.12,-66.7490
147589843.75,-66.6826
147599609.38,-66.7041
147609375.00,-66.6166
147619140.62,-66.6171
147628906.25,-66.6358
147638671.88,-66.6198
147648437.50,-66.6154
147658203.12,-66.6251
147667968.75,-66.6856
147677734.38,-66.6883
147687500.00,-66.6165
147697265.62,-66.5654
147707031.25,-66.6365
147716796.88,-66.6984
147726562.50,-66.6398
147736328.12,-66.6127
147746093.75,-66.5524
147755859.38,-66.5858
147765625.00,-66.6387
147775390.62,-66.5908
147785156.25,-66.6451
147794921.88,-66.6292
147804687.50,-66.6203
147814453.12,-66.5692
147824218.75,-66.5750
147833984.38,-66.6246
147843750.00,-66.6317
147853515.62,-66.5412
147863281.25,-66.5226
147873046.88,-66.5139
147882812.50,-66.4614
147892578.12,-66.4955
147902343.75,-66.4476
147912109.38,-66.4700
147921875.00,-66.4534
147931640.62,-66.3516
147941406.25,-66.2394
147951171.88,-66.2243
147960937.50,-66.1185
147970703.12,-65.8723
147980468.75,-65.4114
147990234.38,-21.2622
148000000.00,-15.2480
148009765.62,-21.2618
148019531.25,-65.3595
148029296.88,-65.8102
148039062.50,-66.0400
148048828.12,-66.2794
148058593.75,-66.2819
148068359.38,-66.3708
148078125.00,-66.4039
148087890.62,-66.4454
148097656.25,-66.4131
148107421.88,-66.4620
148117187.50,-66.5725
148126953.12,-66.5813
148136718.75,-66.5959
148146484.38,-66.6174
148156250.00,-66.6169
148166015.62,-66.5850
148175781.25,-66.5240
148185546.88,-66.5159
148195312.50,-66.6598
148205078.12,-66.7033
148214843.75,-66.6717
148224609.38,-66.5705
148234375.00,-66.5803
148244140.62,-66.7434
148253906.25,-66.6793
148263671.88,-66.6615
148273437.50,-66.6221
148283203.12,-66.6386
148292968.75,-66.6821
148302734.38,-66.6440
148312500.00,-66.6604
148322265.62,-66.7142
148332031.25,-66.7073
148341796.88,-66.8362
148351562.50,-66.7289
148361328.12,-66.6761
148371093.75,-66.7518
148380859.38,-66.7232
148390625.00,-66.6587
148400390.62,-66.6994
148410156.25,-66.7158
148419921.88,-66.7129
148429687.50,-66.7320
148439453.12,-66.7882
148449218.75,-66.7723
148458984.38,-66.7341
148468750.00,-66.7737
148478515.62,-66.7202
148488281.25,-66.7123
148498046.88,-66.8365
148507812.50,-66.7966
148517578.12,-66.7036
148527343.75,-66.6888
148537109.38,-66.7469
148546875.00,-66.8210
148556640.62,-66.7773
148566406.25,-66.8153
148576171.88,-66.7906
148585937.50,-66.7522
148595703.12,-66.7357
148605468.75,-66.7613
148615234.38,-66.7760
148625000.00,-66.8720
148634765.62,-66.8446
148644531.25,-66.7577
148654296.88,-66.8088
148664062.50,-66.8809
148673828.12,-66.8333
148683593.75,-66.7500
148693359.38,-66.7510
148703125.00,-66.7981
148712890.62,-66.8316
148722656.25,-66.8234
148732421.88,-66.7397
148742187.50,-66.8182
148751953.12,-66.8648
148761718.75,-66.8531
148771484.38,-66.7836
148781250.00,-66.8299
148791015.62,-66.8986
148800781.25,-66.8158
148810546.88,-66.8282
148820312.50,-66.8294
148830078.12,-66.8055
148839843.75,-66.8831
148849609.38,-66.8812
148859375.00,-66.8203
148869140.62,-66.8611
148878906.25,-66.8273
148888671.88,-66.7823
148898437.50,-66.8401
148908203.12,-66.8882
148917968.75,-66.8334
148927734.38,-66.7863
148937500.00,-66.8086
148947265.62,-66.7880
148957031.25,-66.7818
148966796.88,-66.8208
148976562.50,-66.8739
148986328.12,-66.8345
148996093.75,-66.7827
149005859.38,-66.7488
149015625.00,-66.7483
149025390.62,-66.7077
149035156.25,-66.7479
149044921.88,-66.8275
149054687.50,-66.9045
149064453.12,-66.8868
149074218.75,-66.8094
149083984.38,-66.8108
149093750.00,-66.8801
149103515.62,-66.8989
149113281.25,-66.8575
149123046.88,-66.8887
149132812.50,-66.7915
149142578.12,-66.7711
149152343.75,-66.8506
149162109.38,-66.8303
149171875.00,-66.8307
149181640.62,-66.8278
149191406.25,-66.8793
149201171.88,-66.8559
149210937.50,-66.8745
149220703.12,-66.8985
149230468.75,-66.8381
149240234.38,-66.8017
149250000.00,-66.7875
149259765.62,-66.8114
149269531.25,-66.8505
149279296.88,-66.8384
149289062.50,-66.8557
149298828.12,-66.8563
149308593.75,-66.8914
149318359.38,-66.8331
149328125.00,-66.8487
149337890.62,-66.8690
149347656.25,-66.9021
149357421.88,-66.8616
149367187.50,-66.8476
149376953.12,-66.8237
149386718.75,-66.7932
149396484.38,-66.8081
149406250.00,-66.7342
149416015.62,-66.7460
149425781.25,-66.8878
149435546.88,-66.8840
149445312.50,-66.9034
149455078.12,-66.8167
149464843.75,-66.7942
149474609.38,-66.8135
149484375.00,-66.8270
149494140.62,-66.9176
149503906.25,-66.9350
149513671.88,-66.8608
149523437.50,-66.7646
149533203.12,-66.7922
149542968.75,-66.7929
149552734.38,-66.8545
149562500.00,-66.8939
149572265.62,-66.8047
149582031.25,-66.8093
149591796.88,-66.8635
149601562.50,-66.8302
149611328.12,-66.8418
149621093.75,-66.8329
149630859.38,-66.8696
149640625.00,-66.8486
149650390.62,-66.7898
149660156.25,-66.8172
149669921.88,-66.7427
149679687.50,-66.7365
149689453.12,-66.7398
149699218.75,-66.8494
149708984.38,-66.8678
149718750.00,-66.7980
149728515.62,-66.8511
149738281.25,-66.8616
149748046.88,-66.9064
149757812.50,-66.8717
149767578.12,-66.7909
149777343.75,-66.6994
149787109.38,-66.7469
149796875.00,-66.7923
149806640.62,-66.7346
149816406.25,-66.7360
149826171.88,-66.7399
149835937.50,-66.7656
149845703.12,-66.7833
149855468.75,-66.7984
149865234.38,-66.8388
149875000.00,-66.8432
149884765.62,-66.8225
149894531.25,-66.8350
149904296.88,-66.8198
149914062.50,-66.7900
149923828.12,-66.7760
149933593.75,-66.7590
149943359.38,-66.7978
149953125.00,-66.7866
149962890.62,-66.7553
149972656.25,-66.7705
149982421.88,-66.8092
149992187.50,-66.7594
150001953.12,-66.7280
150011718.75,-66.7588
150021484.38,-66.7740
150031250.00,-66.7896
150041015.62,-66.8517
150050781.25,-66.8705
150060546.88,-66.8125
150070312.50,-66.7304
150080078.12,-66.7851
150089843.75,-66.8317
150099609.38,-66.7618
150109375.00,-66.7262
150119140.62,-66.7682
150128906.25,-66.7312
150138671.88,-66.7453
150148437.50,-66.7797
150158203.12,-66.7920
150167968.75,-66.8571
150177734.38,-66.8151
150187500.00,-66.7988
150197265.62,-66.7792
150207031.25,-66.8162
150216796.88,-66.7395
150226562.50,-66.7643
150236328.12,-66.8543
150246093.75,-66.7892
150255859.38,-66.7566
150265625.00,-66.7175
150275390.62,-66.7188
150285156.25,-66.7773
150294921.88,-66.7496
150304687.50,-66.7852
150314453.12,-66.7198
150324218.75,-66.6858
150333984.38,-66.7608
150343750.00,-66.7791
150353515.62,-66.8281
150363281.25,-66.7609
150373046.88,-66.7380
150382812.50,-66.7543
150392578.12,-66.7333
150402343.75,-66.7129
150412109.38,-66.7056
150421875.00,-66.7540
150431640.62,-66.7872
150441406.25,-66.8370
150451171.88,-66.7441
150460937.50,-66.7441
150470703.12,-66.6573
150480468.75,-66.6903
150490234.38,-66.7409
150500000.00,-66.7522
150509765.62,-66.6644
150519531.25,-66.7713
150529296.88,-66.7924
150539062.50,-66.7517
150548828.12,-66.7455
150558593.75,-66.7264
150568359.38,-66.7420
150578125.00,-66.7496
150587890.62,-66.7414
150597656.25,-66.8165
150607421.88,-66.7996
150617187.50,-66.7416
150626953.12,-66.7000
150636718.75,-66.6905
150646484.38,-66.6899
150656250.00,-66.7084
150666015.62,-66.7238
150675781.25,-66.7313
150685546.88,-66.7522
150695312.50,-66.7356
150705078.12,-66.6627
150714843.75,-66.7139
150724609.38,-66.7492
150734375.00,-66.7138
150744140.62,-66.7545
150753906.25,-66.7530
150763671.88,-66.7174
150773437.50,-66.7284
150783203.12,-66.7151
150792968.75,-66.8251
150802734.38,-66.7409
150812500.00,-66.7303
150822265.62,-66.7328
150832031.25,-66.7972
150841796.88,-66.8486
150851562.50,-66.7458
150861328.12,-66.7196
150871093.75,-66.7290
150880859.38,-66.7303
150890625.00,-66.7039
150900390.62,-66.7317
150910156.25,-66.6596
150919921.88,-66.6656
150929687.50,-66.7186
150939453.12,-66.7683
150949218.75,-66.7622
150958984.38,-66.7612
150968750.00,-66.6944
150978515.62,-66.7266
150988281.25,-66.7677
150998046.88,-66.6951
151007812.50,-66.7388
151017578.12,-66.7951
151027343.75,-66.7374
151037109.38,-66.6892
151046875.00,-66.6742
151056640.62,-66.7463
151066406.25,-66.6855
151076171.88,-66.6505
151085937.50,-66.6781
151095703.12,-66.6925
151105468.75,-66.7191
151115234.38,-66.7624
151125000.00,-66.8146
151134765.62,-66.8132
151144531.25,-66.7962
151154296.88,-66.7936
151164062.50,-66.7537
151173828.12,-66.7164
151183593.75,-66.8019
151193359.38,-66.7398
151203125.00,-66.7635
151212890.62,-66.8051
151222656.25,-66.8044
151232421.88,-66.7431
151242187.50,-66.7647
151251953.12,-66.8163
151261718.75,-66.7578
151271484.38,-66.7749
151281250.00,-66.7612
151291015.62,-66.7369
151300781.25,-66.7604
151310546.88,-66.7282
151320312.50,-66.7304
151330078.12,-66.7397
151339843.75,-66.7364
151349609.38,-66.8335
151359375.00,-66.7916
151369140.62,-66.7787
151378906.25,-66.8108
151388671.88,-66.8358
151398437.50,-66.7796
151408203.12,-66.7865
151417968.75,-66.8004
151427734.38,-66.7626
151437500.00,-66.7834
151447265.62,-66.7708
151457031.25,-66.7604
151466796.88,-66.7713
151476562.50,-66.7961
151486328.12,-66.7688
151496093.75,-66.7811
151505859.38,-66.7952
151515625.00,-66.7815
151525390.62,-66.7624
151535156.25,-66.7783
151544921.88,-66.7484
151554687.50,-66.8035
151564453.12,-66.7651
151574218.75,-66.7513
151583984.38,-66.8361
151593750.00,-66.8081
151603515.62,-66.8363
151613281.25,-66.8729
151623046.88,-66.8684
151632812.50,-66.8347
151642578.12,-66.8297
151652343.75,-66.7534
151662109.38,-66.7218
151671875.00,-66.7625
151681640.62,-66.8243
151691406.25,-66.8649
151701171.88,-66.8476
151710937.50,-66.8017
151720703.12,-66.9034
151730468.75,-66.8698
151740234.38,-66.8229
151750000.00,-66.8232
151759765.62,-66.7894
151769531.25,-66.7198
151779296.88,-66.7784
151789062.50,-66.8527
151798828.12,-66.7732
151808593.75,-66.7691
151818359.38,-66.8158
151828125.00,-66.7642
151837890.62,-66.8414
151847656.25,-66.8198
151857421.88,-66.7582
151867187.50,-66.7962
151876953.12,-66.7955
151886718.75,-66.8330
151896484.38,-66.7800
151906250.00,-66.7613
151916015.62,-66.7996
151925781.25,-66.9116
151935546.88,-66.8663
151945312.50,-66.7949
151955078.12,-66.6863
151964843.75,-66.7331
151974609.38,-66.7376
151984375.00,-65.7037
151994140.62,-56.7319
152003906.25,-56.1557
152013671.88,-64.9403
152023437.50,-66.6378
152033203.12,-66.6857
152042968.75,-66.8261
152052734.38,-66.8081
152062500.00,-66.7619
152072265.62,-66.7820
152082031.25,-66.7958
152091796.88,-66.7564
152101562.50,-66.8050
152111328.12,-66.7766
152121093.75,-66.7830
152130859.38,-66.9087
152140625.00,-66.8585
152150390.62,-66.8963
152160156.25,-66.8557
152169921.88,-66.8229
152179687.50,-66.8094
152189453.12,-66.8336
152199218.75,-66.7420
152208984.38,-66.7810
152218750.00,-66.8729
152228515.62,-66.8036
152238281.25,-66.6926
152248046.88,-66.7625
152257812.50,-66.7937
152267578.12,-66.7988
152277343.75,-66.8314
152287109.38,-66.8720
152296875.00,-66.8118
152306640.62,-66.7858
152316406.25,-66.7866
152326171.88,-66.8350
152335937.50,-66.8431
152345703.12,-66.7330
152355468.75,-66.7015
152365234.38,-66.7934
152375000.00,-66.8107
152384765.62,-66.8749
152394531.25,-66.7950
152404296.88,-66.7498
152414062.50,-66.7492
152423828.12,-66.7571
152433593.75,-66.7222
152443359.38,-66.7901
152453125.00,-66.8700
152462890.62,-66.7919
152472656.25,-66.7816
152482421.88,-66.7491
152492187.50,-66.7569
152501953.12,-66.7887
152511718.75,-66.7629
152521484.38,-66.7566
152531250.00,-66.8076
152541015.62,-66.9072
152550781.25,-66.7782
152560546.88,-66.6909
152570312.50,-66.8304
152580078.12,-66.8353
152589843.75,-66.7733
152599609.38,-66.7365
152609375.00,-66.7472
152619140.62,-66.8098
152628906.25,-66.8241
152638671.88,-66.8110
152648437.50,-66.7964
152658203.12,-66.7894
152667968.75,-66.7160
152677734.38,-66.7171
152687500.00,-66.7907
152697265.62,-66.8211
152707031.25,-66.7887
152716796.88,-66.8084
152726562.50,-66.7556
152736328.12,-66.7973
152746093.75,-66.7711
152755859.38,-66.7654
152765625.00,-66.7795
152775390.62,-66.7605
152785156.25,-66.7000
152794921.88,-66.7191
152804687.50,-66.7665
152814453.12,-66.7345
152824218.75,-66.7955
152833984.38,-66.7637
152843750.00,-66.7210
152853515.62,-66.7634
152863281.25,-66.6966
152873046.88,-66.7344
152882812.50,-66.7982
152892578.12,-66.7731
152902343.75,-66.7702
152912109.38,-66.8146
152921875.00,-66.7003
152931640.62,-66.6113
152941406.25,-66.6523
152951171.88,-66.7009
152960937.50,-66.6789
152970703.12,-66.6849
152980468.75,-66.6865
152990234.38,-66.6858
153000000.00,-66.6084
153009765.62,-66.6251
153019531.25,-66.6233
153029296.88,-66.5903
153039062.50,-66.6803
153048828.12,-66.6513
153058593.75,-66.7219
153068359.38,-66.7382
153078125.00,-66.6742
153087890.62,-66.7154
153097656.25,-66.6819
153107421.88,-66.6309
153117187.50,-66.6464
153126953.12,-66.7225
153136718.75,-66.7143
153146484.38,-66.6975
153156250.00,-66.7500
153166015.62,-66.6272
153175781.25,-66.6291
153185546.88,-66.7049
153195312.50,-66.7007
153205078.12,-66.6941
153214843.75,-66.6487
153224609.38,-66.7087
153234375.00,-66.7209
153244140.62,-66.6471
153253906.25,-66.6530
153263671.88,-66.6710
153273437.50,-66.6973
153283203.12,-66.6700
153292968.75,-66.6388
153302734.38,-66.6306
153312500.00,-66.6402
153322265.62,-66.6600
153332031.25,-66.7230
153341796.88,-66.6866
153351562.50,-66.6868
153361328.12,-66.6628
153371093.75,-66.6860
153380859.38,-66.7201
153390625.00,-66.7229
153400390.62,-66.7306
153410156.25,-66.6887
153419921.88,-66.7191
153429687.50,-66.6686
153439453.12,-66.6127
153449218.75,-66.6135
153458984.38,-66.6325
153468750.00,-66.6308
153478515.62,-66.6192
153488281.25,-66.6280
153498046.88,-66.7036
153507812.50,-66.7814
153517578.12,-66.7292
153527343.75,-66.6669
153537109.38,-66.6079
153546875.00,-66.6023
153556640.62,-66.6100
153566406.25,-66.5965
153576171.88,-66.6002
153585937.50,-66.5889
153595703.12,-66.6000
153605468.75,-66.6373
153615234.38,-66.6323
153625000.00,-66.6267
153634765.62,-66.6121
153644531.25,-66.6566
153654296.88,-66.6189
153664062.50,-66.6676
153673828.12,-66.6747
153683593.75,-66.6776
153693359.38,-66.7104
153703125.00,-66.6661
153712890.62,-66.6292
153722656.25,-66.5517
153732421.88,-66.6762
153742187.50,-66.7009
153751953.12,-66.7008
153761718.75,-66.6508
153771484.38,-66.6473
153781250.00,-66.6499
153791015.62,-66.6902
153800781.25,-66.6111
153810546.88,-66.6662
153820312.50,-66.7138
153830078.12,-66.6692
153839843.75,-66.6687
153849609.38,-66.6991
153859375.00,-66.6457
153869140.62,-66.6143
153878906.25,-66.6023
153888671.88,-66.6752
153898437.50,-66.6883
153908203.12,-66.6373
153917968.75,-66.7011
153927734.38,-66.7014
153937500.00,-66.7045
153947265.62,-66.6626
153957031.25,-66.6410
153966796.88,-66.6983
153976562.50,-66.6257
153986328.12,-66.6559
153996093.75,-66.6781
154005859.38,-66.7068
154015625.00,-66.7168
154025390.62,-66.7114
154035156.25,-66.6972
154044921.88,-66.6155
154054687.50,-66.5909
154064453.12,-66.6474
154074218.75,-66.6649
154083984.38,-66.6370
154093750.00,-66.6568
154103515.62,-66.7247
154113281.25,-66.6204
154123046.88,-66.5602
154132812.50,-66.6221
154142578.12,-66.7274
154152343.75,-66.7065
154162109.38,-66.6666
154171875.00,-66.6967
154181640.62,-66.7368
154191406.25,-66.7238
154201171.88,-66.7089
154210937.50,-66.6429
154220703.12,-66.6395
154230468.75,-66.7454
154240234.38,-66.7576
154250000.00,-66.7636
154259765.62,-66.6979
154269531.25,-66.7059
154279296.88,-66.7485
154289062.50,-66.7024
154298828.12,-66.7563
154308593.75,-66.7494
154318359.38,-66.6850
154328125.00,-66.6723
154337890.62,-66.7088
154347656.25,-66.6474
154357421.88,-66.6738
154367187.50,-66.6763
154376953.12,-66.6674
154386718.75,-66.7091
154396484.38,-66.7417
154406250.00,-66.7618
154416015.62,-66.6859
154425781.25,-66.7089
154435546.88,-66.7417
154445312.50,-66.6647
154455078.12,-66.6973
154464843.75,-66.8218
154474609.38,-66.7734
154484375.00,-66.8537
154494140.62,-66.8118
154503906.25,-66.7484
154513671.88,-66.7192
154523437.50,-66.7449
154533203.12,-66.7413
154542968.75,-66.6392
154552734.38,-66.7081
154562500.00,-66.6766
154572265.62,-66.6488
154582031.25,-66.7096
154591796.88,-66.7968
154601562.50,-66.7751
154611328.12,-66.7934
154621093.75,-66.7445
154630859.38,-66.7300
154640625.00,-66.7292
154650390.62,-66.7684
154660156.25,-66.7409
154669921.88,-66.7923
154679687.50,-66.7858
154689453.12,-66.6946
154699218.75,-66.6503
154708984.38,-66.7398
154718750.00,-66.7249
154728515.62,-66.7240
154738281.25,-66.7911
154748046.88,-66.7365
154757812.50,-66.7465
154767578.12,-66.7345
154777343.75,-66.7343
154787109.38,-66.7328
154796875.00,-66.6603
154806640.62,-66.6738
154816406.25,-66.7046
154826171.88,-66.8673
154835937.50,-66.8374
154845703.12,-66.7924
154855468.75,-66.7910
154865234.38,-66.8108
154875000.00,-66.7537
154884765.62,-66.7832
154894531.25,-66.8002
154904296.88,-66.8018
154914062.50,-66.8348
154923828.12,-66.8067
154933593.75,-66.6930
154943359.38,-66.6323
154953125.00,-66.7752
154962890.62,-66.8353
154972656.25,-66.7506
154982421.88,-66.7578
154992187.50,-66.7295
155001953.12,-66.6468
155011718.75,-66.7318
155021484.38,-66.7961
155031250.00,-66.7923
155041015.62,-66.7641
155050781.25,-66.7555
155060546.88,-66.8010
155070312.50,-66.7778
155080078.12,-66.8121
155089843.75,-66.8550
155099609.38,-66.7710
155109375.00,-66.6887
155119140.62,-66.7457
155128906.25,-66.7084
155138671.88,-66.7313
155148437.50,-66.7753
155158203.12,-66.7481
155167968.75,-66.7082
155177734.38,-66.6881
155187500.00,-66.7738
155197265.62,-66.7341
155207031.25,-66.7249
155216796.88,-66.8004
155226562.50,-66.7782
155236328.12,-66.7740
155246093.75,-66.7267
155255859.38,-66.7319
155265625.00,-66.7309
155275390.62,-66.7830
155285156.25,-66.7990
155294921.88,-66.6701
155304687.50,-66.7189
155314453.12,-66.7552
155324218.75,-66.6953
155333984.38,-66.6769
155343750.00,-66.6976
155353515.62,-66.7218
155363281.25,-66.7641
155373046.88,-66.7247
155382812.50,-66.7620
155392578.12,-66.7866
155402343.75,-66.7328
155412109.38,-66.6447
155421875.00,-66.6343
155431640.62,-66.7331
155441406.25,-66.7572
155451171.88,-66.7743
155460937.50,-66.7493
155470703.12,-66.6902
155480468.75,-66.6851
155490234.38,-66.7037
155500000.00,-66.6633
155509765.62,-66.6871
155519531.25,-66.7325
155529296.88,-66.7330
155539062.50,-66.7891
155548828.12,-66.7275
155558593.75,-66.7212
155568359.38,-66.7243
155578125.00,-66.7048
155587890.62,-66.6839
155597656.25,-66.6872
155607421.88,-66.6453
155617187.50,-66.6894
155626953.12,-66.7419
155636718.75,-66.7426
155646484.38,-66.7767
155656250.00,-66.7331
155666015.62,-66.7349
155675781.25,-66.6765
155685546.88,-66.7527
155695312.50,-66.6938
155705078.12,-66.6717
155714843.75,-66.6939
155724609.38,-66.7255
155734375.00,-66.7603
155744140.62,-66.6785
155753906.25,-66.6522
155763671.88,-66.7686
155773437.50,-66.7103
155783203.12,-66.6962
155792968.75,-66.6885
155802734.38,-66.6996
155812500.00,-66.6768
155822265.62,-66.6691
155832031.25,-66.6612
155841796.88,-66.7164
155851562.50,-66.7172
155861328.12,-66.6560
155871093.75,-66.7058
155880859.38,-66.6729
155890625.00,-66.6858
155900390.62,-66.7131
155910156.25,-66.7087
155919921.88,-66.7007
155929687.50,-66.7212
155939453.12,-66.6859
155949218.75,-66.7063
155958984.38,-66.6408
155968750.00,-66.6161
155978515.62,-66.6600
155988281.25,-66.6119
155998046.88,-66.4114
156007812.50,-66.5078
156017578.12,-66.6095
156027343.75,-66.5642
156037109.38,-66.6287
156046875.00,-66.6137
156056640.62,-66.6912
156066406.25,-66.7163
156076171.88,-66.6966
156085937.50,-66.7263
156095703.12,-66.6597
156105468.75,-66.6141
156115234.38,-66.5784
156125000.00,-66.5680
156134765.62,-66.5923
156144531.25,-66.6067
156154296.88,-66.6173
156164062.50,-66.6417
156173828.12,-66.6512
156183593.75,-66.5869
156193359.38,-66.6380
156203125.00,-66.7045
156212890.62,-66.6395
156222656.25,-66.6352
156232421.88,-66.6595
156242187.50,-66.6118
156251953.12,-66.5649
156261718.75,-66.5799
156271484.38,-66.6150
156281250.00,-66.6297
156291015.62,-66.6545
156300781.25,-66.6436
156310546.88,-66.6263
156320312.50,-66.6013
156330078.12,-66.5658
156339843.75,-66.5926
156349609.38,-66.5994
156359375.00,-66.6674
156369140.62,-66.6196
156378906.25,-66.5710
156388671.88,-66.5948
156398437.50,-66.7041
156408203.12,-66.6128
156417968.75,-66.5585
156427734.38,-66.6558
156437500.00,-66.7076
156447265.62,-66.6919
156457031.25,-66.6307
156466796.88,-66.6450
156476562.50,-66.5837
156486328.12,-66.5966
156496093.75,-66.5693
156505859.38,-66.6443
156515625.00,-66.6811
156525390.62,-66.6974
156535156.25,-66.6213
156544921.88,-66.5959
156554687.50,-66.5804
156564453.12,-66.5618
156574218.75,-66.6390
156583984.38,-66.6065
156593750.00,-66.5474
156603515.62,-66.5594
156613281.25,-66.6252
156623046.88,-66.6278
156632812.50,-66.6429
156642578.12,-66.5795
156652343.75,-66.6108
156662109.38,-66.6895
156671875.00,-66.6191
156681640.62,-66.6342
156691406.25,-66.6032
156701171.88,-66.6174
156710937.50,-66.6373
156720703.12,-66.6285
156730468.75,-66.6820
156740234.38,-66.6723
156750000.00,-66.6766
156759765.62,-66.6025
156769531.25,-66.6056
156779296.88,-66.6886
156789062.50,-66.6303
156798828.12,-66.6085
156808593.75,-66.6140
156818359.38,-66.6360
156828125.00,-66.5963
156837890.62,-66.5663
156847656.25,-66.6296
156857421.88,-66.5917
156867187.50,-66.5875
156876953.12,-66.5458
156886718.75,-66.5549
156896484.38,-66.6382
156906250.00,-66.6509
156916015.62,-66.5730
156925781.25,-66.6508
156935546.88,-66.6650
156945312.50,-66.6689
156955078.12,-66.6948
156964843.75,-66.6253
156974609.38,-66.5505
156984375.00,-66.6359
156994140.62,-66.6116
157003906.25,-66.6129
157013671.88,-66.6581
157023437.50,-66.5248
157033203.12,-66.5128
157042968.75,-66.6385
157052734.38,-66.6756
157062500.00,-66.6368
157072265.62,-66.6001
157082031.25,-66.6480
157091796.88,-66.6162
157101562.50,-66.6318
157111328.12,-66.6190
157121093.75,-66.5848
157130859.38,-66.6420
157140625.00,-66.6796
157150390.62,-66.7026
157160156.25,-66.7063
157169921.88,-66.5978
157179687.50,-66.6247
157189453.12,-66.6508
157199218.75,-66.6339
157208984.38,-66.6294
157218750.00,-66.6645
157228515.62,-66.6506
157238281.25,-66.6407
157248046.88,-66.7064
157257812.50,-66.6276
157267578.12,-66.6550
157277343.75,-66.6315
157287109.38,-66.5911
157296875.00,-66.6552
157306640.62,-66.6568
157316406.25,-66.6207
157326171.88,-66.6525
157335937.50,-66.7191
157345703.12,-66.6888
157355468.75,-66.6141
157365234.38,-66.6264
157375000.00,-66.7253
157384765.62,-66.6822
157394531.25,-66.6617
157404296.88,-66.7212
157414062.50,-66.6499
157423828.12,-66.6332
157433593.75,-66.6646
157443359.38,-66.6226
157453125.00,-66.6109
157462890.62,-66.5871
157472656.25,-66.6084
157482421.88,-66.5727
157492187.50,-66.5710
157501953.12,-66.7208
157511718.75,-66.6970
157521484.38,-66.6380
157531250.00,-66.6510
157541015.62,-66.6264
157550781.25,-66.6570
157560546.88,-66.6744
157570312.50,-66.6361
157580078.12,-66.6417
157589843.75,-66.6756
157599609.38,-66.7365
157609375.00,-66.7355
157619140.62,-66.6607
157628906.25,-66.6323
157638671.88,-66.6602
157648437.50,-66.7066
157658203.12,-66.7054
157667968.75,-66.6670
157677734.38,-66.6791
157687500.00,-66.7118
157697265.62,-66.6933
157707031.25,-66.7055
157716796.88,-66.7635
157726562.50,-66.7533
157736328.12,-66.7561
157746093.75,-66.7572
157755859.38,-66.6601
157765625.00,-66.6873
157775390.62,-66.6810
157785156.25,-66.6691
157794921.88,-66.7094
157804687.50,-66.7134
157814453.12,-66.7250
157824218.75,-66.7163
157833984.38,-66.6987
157843750.00,-66.7511
157853515.62,-66.7080
157863281.25,-66.6460
157873046.88,-66.6707
157882812.50,-66.6835
157892578.12,-66.7024
157902343.75,-66.7630
157912109.38,-66.7284
157921875.00,-66.6948
157931640.62,-66.6780
157941406.25,-66.7199
157951171.88,-66.6708
157960937.50,-66.6872
157970703.12,-66.7319
157980468.75,-66.7634
157990234.38,-66.6893
